match_id,match_date,status,final_result,home_team_id,away_team_id
1,2026-09-12,Scheduled,,572,186
2,2026-03-22,Finished,Home,132,265
3,2026-07-11,Scheduled,,344,92
4,2026-02-21,Finished,Draw,315,431
5,2026-12-18,Scheduled,,267,600
6,2026-10-24,Scheduled,,121,482
7,2026-01-19,Finished,Draw,598,595
8,2026-11-05,Scheduled,,200,513
9,2026-05-28,Scheduled,,391,543
10,2026-07-26,Cancelled,,155,141
11,2026-03-09,Finished,Home,420,584
12,2026-03-13,Finished,Draw,324,185
13,2026-01-10,Finished,Draw,182,321
14,2026-01-31,Finished,Away,281,215
15,2026-04-19,Finished,Home,163,502
16,2026-03-02,Finished,Draw,133,445
17,2026-09-28,Scheduled,,489,393
18,2026-07-15,Cancelled,,205,383
19,2026-05-16,Scheduled,,544,196
20,2026-02-23,Finished,Draw,255,232
21,2026-10-12,Scheduled,,133,106
22,2026-05-26,Scheduled,,314,172
23,2026-09-25,Scheduled,,306,298
24,2026-11-06,Scheduled,,537,346
25,2026-10-09,Cancelled,,138,351
26,2026-12-08,Scheduled,,368,193
27,2026-11-17,Scheduled,,414,20
28,2026-03-26,Finished,Away,135,217
29,2026-10-28,Scheduled,,174,127
30,2026-02-11,Finished,Away,39,385
31,2026-01-12,Finished,Home,50,111
32,2026-06-15,Scheduled,,119,427
33,2026-06-23,Scheduled,,561,259
34,2026-10-31,Scheduled,,211,10
35,2026-10-17,Scheduled,,104,533
36,2026-01-23,Finished,Away,141,429
37,2026-06-11,Scheduled,,121,290
38,2026-04-19,Finished,Draw,510,204
39,2026-08-27,Scheduled,,536,207
40,2026-09-19,Scheduled,,303,165
41,2026-05-15,Scheduled,,213,493
42,2026-03-24,Finished,Away,14,92
43,2026-04-19,Finished,Away,506,153
44,2026-04-02,Finished,Home,77,104
45,2026-05-27,Scheduled,,468,304
46,2026-02-16,Finished,Draw,103,179
47,2026-01-22,Finished,Home,321,437
48,2026-01-31,Finished,Draw,10,142
49,2026-06-18,Cancelled,,367,449
50,2026-02-02,Finished,Home,96,382
51,2026-06-20,Cancelled,,411,410
52,2026-04-03,Finished,Home,395,490
53,2026-01-17,Finished,Home,116,136
54,2026-03-12,Finished,Away,107,427
55,2026-04-19,Finished,Draw,449,186
56,2026-09-16,Scheduled,,30,134
57,2026-05-31,Scheduled,,116,422
58,2026-12-23,Scheduled,,268,322
59,2026-02-07,Finished,Away,538,591
60,2026-11-10,Scheduled,,347,532
61,2026-02-10,Finished,Draw,98,444
62,2026-12-12,Scheduled,,355,395
63,2026-06-24,Scheduled,,572,56
64,2026-01-31,Finished,Home,518,481
65,2026-07-25,Scheduled,,504,329
66,2026-10-26,Scheduled,,52,520
67,2026-01-20,Finished,Draw,388,413
68,2026-12-20,Scheduled,,455,587
69,2026-09-19,Scheduled,,511,458
70,2026-05-24,Scheduled,,19,106
71,2026-06-07,Scheduled,,571,563
72,2026-10-29,Scheduled,,312,521
73,2026-05-28,Scheduled,,468,350
74,2026-11-27,Scheduled,,229,466
75,2026-01-24,Finished,Home,485,373
76,2026-12-13,Scheduled,,228,3
77,2026-11-10,Scheduled,,299,561
78,2026-03-14,Finished,Home,109,47
79,2026-07-04,Scheduled,,420,110
80,2026-03-01,Finished,Home,193,124
81,2026-01-23,Finished,Draw,469,196
82,2026-03-08,Finished,Draw,48,127
83,2026-02-03,Cancelled,,517,138
84,2026-09-02,Scheduled,,544,50
85,2026-04-19,Finished,Home,600,495
86,2026-01-26,Finished,Home,593,178
87,2026-08-21,Scheduled,,397,330
88,2026-08-10,Scheduled,,429,255
89,2026-01-27,Finished,Draw,302,464
90,2026-03-21,Finished,Draw,525,307
91,2026-10-21,Scheduled,,567,223
92,2026-01-26,Finished,Away,298,354
93,2026-10-25,Scheduled,,183,516
94,2026-03-22,Finished,Draw,331,119
95,2026-04-10,Finished,Draw,597,585
96,2026-03-05,Finished,Home,547,293
97,2026-06-21,Scheduled,,536,110
98,2026-11-23,Scheduled,,55,58
99,2026-01-28,Finished,Home,165,294
100,2026-01-14,Finished,Draw,303,209
101,2026-04-06,Finished,Away,464,105
102,2026-03-22,Finished,Draw,576,230
103,2026-04-22,Finished,Away,244,524
104,2026-02-28,Finished,Draw,295,49
105,2026-11-21,Scheduled,,321,566
106,2026-04-19,Finished,Draw,258,208
107,2026-03-20,Finished,Away,231,377
108,2026-06-29,Scheduled,,202,199
109,2026-10-22,Cancelled,,77,192
110,2026-07-25,Scheduled,,123,387
111,2026-10-11,Scheduled,,570,271
112,2026-11-12,Scheduled,,262,6
113,2026-08-05,Scheduled,,159,41
114,2026-10-08,Scheduled,,53,309
115,2026-11-12,Scheduled,,564,367
116,2026-07-01,Scheduled,,326,539
117,2026-01-30,Finished,Draw,534,70
118,2026-08-12,Scheduled,,557,550
119,2026-02-21,Finished,Draw,227,219
120,2026-12-14,Cancelled,,301,224
121,2026-12-30,Cancelled,,544,487
122,2026-03-08,Finished,Home,10,118
123,2026-02-20,Finished,Draw,250,41
124,2026-11-16,Scheduled,,117,396
125,2026-04-25,Finished,Draw,290,26
126,2026-05-26,Scheduled,,527,521
127,2026-06-05,Scheduled,,304,198
128,2026-11-03,Cancelled,,99,172
129,2026-02-05,Finished,Away,547,8
130,2026-02-05,Finished,Away,219,435
131,2026-01-29,Finished,Home,446,74
132,2026-06-02,Scheduled,,471,340
133,2026-03-22,Finished,Home,56,183
134,2026-03-03,Finished,Draw,589,234
135,2026-05-19,Scheduled,,462,415
136,2026-10-26,Scheduled,,399,122
137,2026-12-18,Scheduled,,65,600
138,2026-01-23,Finished,Draw,75,367
139,2026-09-04,Scheduled,,309,89
140,2026-01-13,Finished,Draw,391,405
141,2026-11-22,Scheduled,,161,547
142,2026-10-24,Scheduled,,401,559
143,2026-04-21,Finished,Away,148,306
144,2026-10-04,Scheduled,,383,12
145,2026-10-08,Scheduled,,145,127
146,2026-06-05,Scheduled,,404,551
147,2026-04-12,Finished,Draw,313,216
148,2026-03-16,Finished,Home,217,423
149,2026-12-14,Scheduled,,165,189
150,2026-11-02,Scheduled,,259,199
151,2026-03-21,Finished,Draw,581,56
152,2026-06-01,Scheduled,,563,75
153,2026-10-10,Scheduled,,257,101
154,2026-11-02,Scheduled,,499,339
155,2026-06-01,Scheduled,,241,103
156,2026-08-07,Scheduled,,199,326
157,2026-10-07,Scheduled,,314,599
158,2026-04-28,Cancelled,,374,324
159,2026-07-10,Scheduled,,5,321
160,2026-01-27,Finished,Away,447,284
161,2026-08-14,Scheduled,,340,492
162,2026-06-28,Scheduled,,313,499
163,2026-01-27,Finished,Away,84,288
164,2026-03-31,Finished,Home,202,270
165,2026-03-31,Finished,Home,78,20
166,2026-10-13,Scheduled,,596,593
167,2026-10-01,Scheduled,,218,38
168,2026-01-29,Finished,Draw,553,484
169,2026-03-26,Finished,Away,402,229
170,2026-09-22,Scheduled,,298,138
171,2026-05-17,Scheduled,,93,407
172,2026-01-27,Finished,Draw,245,170
173,2026-10-06,Scheduled,,164,184
174,2026-01-15,Finished,Home,150,496
175,2026-08-17,Scheduled,,500,238
176,2026-03-17,Finished,Draw,240,44
177,2026-01-15,Finished,Home,398,481
178,2026-03-17,Finished,Away,332,106
179,2026-10-07,Scheduled,,281,270
180,2026-02-25,Finished,Away,179,386
181,2026-07-11,Scheduled,,80,530
182,2026-12-23,Scheduled,,529,416
183,2026-03-28,Finished,Home,354,499
184,2026-07-12,Scheduled,,514,143
185,2026-02-06,Finished,Home,79,527
186,2026-11-14,Scheduled,,192,162
187,2026-08-07,Scheduled,,122,236
188,2026-03-12,Finished,Home,117,494
189,2026-05-26,Scheduled,,166,421
190,2026-06-18,Scheduled,,131,588
191,2026-01-28,Finished,Home,525,41
192,2026-03-17,Finished,Draw,171,265
193,2026-04-13,Finished,Away,578,20
194,2026-10-17,Scheduled,,291,88
195,2026-12-13,Scheduled,,483,494
196,2026-04-25,Finished,Home,421,147
197,2026-11-06,Scheduled,,524,271
198,2026-06-01,Scheduled,,351,465
199,2026-06-11,Scheduled,,236,388
200,2026-09-21,Scheduled,,17,208
201,2026-02-01,Finished,Draw,430,154
202,2026-06-14,Scheduled,,40,545
203,2026-03-28,Finished,Away,96,494
204,2026-08-17,Scheduled,,2,442
205,2026-12-06,Scheduled,,45,543
206,2026-12-06,Scheduled,,494,391
207,2026-07-19,Scheduled,,590,101
208,2026-01-20,Finished,Draw,489,239
209,2026-05-16,Scheduled,,557,419
210,2026-09-25,Scheduled,,8,592
211,2026-04-08,Finished,Draw,8,385
212,2026-09-01,Scheduled,,419,371
213,2026-09-29,Scheduled,,600,260
214,2026-07-24,Scheduled,,434,579
215,2026-12-01,Scheduled,,407,209
216,2026-10-05,Scheduled,,571,495
217,2026-08-01,Scheduled,,569,496
218,2026-03-01,Finished,Away,592,353
219,2026-03-08,Finished,Away,142,122
220,2026-08-25,Scheduled,,166,103
221,2026-04-07,Finished,Away,347,564
222,2026-10-24,Scheduled,,54,165
223,2026-03-11,Finished,Away,6,94
224,2026-07-10,Scheduled,,446,91
225,2026-04-12,Finished,Draw,380,82
226,2026-10-14,Scheduled,,411,534
227,2026-03-07,Finished,Home,59,180
228,2026-05-23,Scheduled,,207,531
229,2026-03-29,Finished,Home,523,529
230,2026-05-15,Scheduled,,37,369
231,2026-08-24,Cancelled,,162,89
232,2026-07-05,Scheduled,,362,405
233,2026-01-18,Finished,Home,531,16
234,2026-03-22,Finished,Away,563,292
235,2026-06-22,Cancelled,,357,356
236,2026-08-26,Scheduled,,232,200
237,2026-08-27,Scheduled,,589,5
238,2026-09-20,Scheduled,,519,110
239,2026-04-22,Finished,Away,302,349
240,2026-03-24,Finished,Draw,264,551
241,2026-11-28,Scheduled,,454,387
242,2026-09-23,Cancelled,,250,348
243,2026-07-20,Scheduled,,472,29
244,2026-02-07,Finished,Away,70,392
245,2026-08-13,Scheduled,,236,324
246,2026-12-14,Scheduled,,529,549
247,2026-08-25,Scheduled,,270,255
248,2026-06-29,Scheduled,,351,78
249,2026-12-29,Scheduled,,488,322
250,2026-11-22,Scheduled,,588,276
251,2026-02-09,Finished,Away,195,511
252,2026-07-05,Scheduled,,248,272
253,2026-06-11,Scheduled,,256,365
254,2026-04-04,Finished,Draw,123,81
255,2026-10-05,Cancelled,,7,555
256,2026-12-26,Scheduled,,381,323
257,2026-11-26,Scheduled,,589,282
258,2026-11-23,Scheduled,,524,287
259,2026-12-05,Scheduled,,591,132
260,2026-01-14,Finished,Away,434,490
261,2026-04-19,Finished,Home,356,404
262,2026-03-09,Finished,Draw,469,124
263,2026-02-27,Finished,Away,9,13
264,2026-12-21,Scheduled,,104,334
265,2026-07-14,Scheduled,,266,192
266,2026-07-26,Cancelled,,276,483
267,2026-07-07,Scheduled,,375,189
268,2026-08-25,Scheduled,,430,382
269,2026-06-17,Scheduled,,287,462
270,2026-04-12,Finished,Draw,590,235
271,2026-08-20,Scheduled,,242,569
272,2026-04-14,Finished,Home,201,150
273,2026-09-19,Scheduled,,485,10
274,2026-08-03,Scheduled,,138,530
275,2026-12-20,Scheduled,,499,308
276,2026-11-07,Scheduled,,582,49
277,2026-07-19,Scheduled,,168,62
278,2026-08-08,Scheduled,,488,99
279,2026-10-04,Scheduled,,267,370
280,2026-06-15,Scheduled,,264,353
281,2026-10-28,Scheduled,,360,204
282,2026-06-26,Cancelled,,552,179
283,2026-03-13,Finished,Away,364,333
284,2026-07-27,Scheduled,,458,81
285,2026-04-01,Finished,Draw,475,149
286,2026-06-02,Scheduled,,432,586
287,2026-08-03,Scheduled,,82,166
288,2026-03-28,Finished,Away,325,299
289,2026-04-19,Finished,Draw,405,278
290,2026-07-01,Scheduled,,534,462
291,2026-04-04,Finished,Draw,24,129
292,2026-06-10,Scheduled,,82,216
293,2026-03-11,Finished,Away,98,66
294,2026-03-18,Finished,Home,56,27
295,2026-01-20,Finished,Away,107,269
296,2026-11-19,Scheduled,,400,317
297,2026-01-26,Finished,Away,291,454
298,2026-08-14,Scheduled,,175,30
299,2026-12-23,Scheduled,,334,488
300,2026-06-18,Scheduled,,554,279
301,2026-09-08,Scheduled,,553,182
302,2026-10-25,Scheduled,,578,446
303,2026-03-12,Finished,Away,547,318
304,2026-08-16,Scheduled,,233,92
305,2026-05-17,Scheduled,,423,267
306,2026-01-27,Finished,Draw,1,536
307,2026-11-07,Scheduled,,294,481
308,2026-11-27,Scheduled,,504,489
309,2026-12-04,Scheduled,,441,300
310,2026-08-28,Scheduled,,8,562
311,2026-06-25,Scheduled,,575,448
312,2026-06-04,Scheduled,,400,388
313,2026-12-05,Scheduled,,433,246
314,2026-03-19,Finished,Draw,279,292
315,2026-02-02,Finished,Home,423,193
316,2026-03-30,Finished,Draw,297,114
317,2026-05-19,Scheduled,,279,504
318,2026-02-12,Cancelled,,156,51
319,2026-06-16,Scheduled,,191,105
320,2026-06-22,Scheduled,,449,9
321,2026-08-30,Scheduled,,16,506
322,2026-09-26,Cancelled,,320,511
323,2026-11-23,Scheduled,,33,339
324,2026-08-23,Scheduled,,150,58
325,2026-07-03,Scheduled,,74,557
326,2026-01-25,Finished,Away,257,391
327,2026-03-07,Finished,Home,255,395
328,2026-11-28,Scheduled,,35,204
329,2026-02-05,Finished,Draw,97,534
330,2026-01-30,Finished,Away,399,320
331,2026-07-18,Scheduled,,44,563
332,2026-12-28,Scheduled,,493,306
333,2026-06-01,Cancelled,,54,224
334,2026-12-04,Scheduled,,445,333
335,2026-12-03,Scheduled,,283,599
336,2026-11-25,Cancelled,,249,10
337,2026-06-06,Scheduled,,487,159
338,2026-11-06,Scheduled,,255,162
339,2026-10-27,Scheduled,,347,62
340,2026-01-26,Finished,Draw,158,550
341,2026-12-28,Cancelled,,239,325
342,2026-01-12,Finished,Away,356,450
343,2026-02-11,Finished,Home,387,367
344,2026-09-30,Scheduled,,497,449
345,2026-10-01,Scheduled,,502,195
346,2026-02-14,Finished,Away,357,332
347,2026-06-23,Scheduled,,568,165
348,2026-03-20,Finished,Draw,461,303
349,2026-03-15,Finished,Draw,465,1
350,2026-02-25,Finished,Away,190,20
351,2026-04-04,Finished,Away,245,329
352,2026-09-19,Scheduled,,397,195
353,2026-02-20,Finished,Draw,565,158
354,2026-10-30,Scheduled,,330,114
355,2026-01-26,Finished,Home,69,45
356,2026-07-03,Scheduled,,33,207
357,2026-12-15,Scheduled,,102,33
358,2026-11-10,Scheduled,,398,502
359,2026-10-17,Scheduled,,263,51
360,2026-02-05,Finished,Away,73,14
361,2026-10-25,Scheduled,,504,82
362,2026-12-28,Scheduled,,63,370
363,2026-01-17,Finished,Away,426,378
364,2026-06-02,Scheduled,,273,542
365,2026-03-17,Finished,Home,312,80
366,2026-07-02,Scheduled,,104,237
367,2026-03-23,Finished,Away,198,539
368,2026-03-04,Finished,Away,184,572
369,2026-09-09,Scheduled,,109,591
370,2026-06-30,Scheduled,,438,107
371,2026-10-30,Scheduled,,564,412
372,2026-09-15,Cancelled,,162,547
373,2026-08-06,Scheduled,,361,323
374,2026-03-06,Finished,Away,381,423
375,2026-07-08,Scheduled,,332,247
376,2026-02-11,Finished,Draw,385,564
377,2026-02-01,Cancelled,,464,459
378,2026-09-24,Scheduled,,36,292
379,2026-07-10,Scheduled,,139,310
380,2026-12-11,Scheduled,,220,323
381,2026-10-08,Scheduled,,283,567
382,2026-09-09,Scheduled,,586,159
383,2026-08-16,Scheduled,,365,160
384,2026-12-08,Scheduled,,597,256
385,2026-10-07,Scheduled,,308,95
386,2026-04-21,Finished,Draw,223,80
387,2026-04-08,Finished,Away,178,500
388,2026-07-30,Scheduled,,591,98
389,2026-11-30,Scheduled,,39,591
390,2026-12-10,Scheduled,,58,343
391,2026-01-25,Finished,Home,445,427
392,2026-09-26,Scheduled,,12,392
393,2026-06-22,Scheduled,,43,327
394,2026-01-29,Finished,Home,335,515
395,2026-03-24,Finished,Away,403,457
396,2026-12-02,Scheduled,,93,228
397,2026-06-05,Scheduled,,404,152
398,2026-03-21,Finished,Draw,488,586
399,2026-09-03,Scheduled,,269,88
400,2026-07-04,Scheduled,,134,139
401,2026-02-04,Finished,Away,500,405
402,2026-07-22,Scheduled,,537,253
403,2026-03-24,Finished,Home,441,332
404,2026-08-12,Scheduled,,116,424
405,2026-10-29,Scheduled,,196,329
406,2026-08-12,Scheduled,,25,313
407,2026-12-10,Scheduled,,453,150
408,2026-01-29,Finished,Away,240,205
409,2026-02-10,Finished,Away,88,116
410,2026-11-08,Scheduled,,152,295
411,2026-05-20,Scheduled,,114,313
412,2026-02-06,Finished,Home,340,215
413,2026-03-21,Finished,Draw,560,536
414,2026-10-31,Scheduled,,145,19
415,2026-05-30,Scheduled,,540,45
416,2026-03-30,Finished,Draw,291,206
417,2026-01-11,Finished,Home,55,477
418,2026-04-04,Finished,Draw,398,278
419,2026-12-27,Scheduled,,111,20
420,2026-10-19,Cancelled,,396,237
421,2026-10-14,Scheduled,,102,324
422,2026-09-20,Scheduled,,545,91
423,2026-01-12,Finished,Home,469,575
424,2026-09-17,Scheduled,,254,543
425,2026-11-06,Scheduled,,403,161
426,2026-02-09,Finished,Away,361,364
427,2026-02-28,Finished,Home,283,64
428,2026-08-10,Scheduled,,569,287
429,2026-08-20,Scheduled,,403,141
430,2026-10-08,Scheduled,,534,233
431,2026-12-07,Cancelled,,157,437
432,2026-07-06,Scheduled,,338,460
433,2026-12-05,Scheduled,,142,595
434,2026-11-11,Scheduled,,208,142
435,2026-11-28,Scheduled,,537,139
436,2026-02-19,Finished,Home,149,579
437,2026-01-25,Finished,Home,571,546
438,2026-04-17,Finished,Draw,326,150
439,2026-11-21,Scheduled,,424,422
440,2026-01-23,Finished,Home,281,156
441,2026-03-29,Finished,Away,190,27
442,2026-03-27,Finished,Home,274,581
443,2026-11-07,Scheduled,,237,27
444,2026-10-16,Scheduled,,489,138
445,2026-08-22,Scheduled,,481,383
446,2026-07-03,Scheduled,,504,486
447,2026-05-18,Scheduled,,232,34
448,2026-11-02,Scheduled,,277,423
449,2026-09-04,Scheduled,,208,210
450,2026-02-10,Finished,Draw,502,333
451,2026-04-25,Finished,Draw,415,43
452,2026-04-15,Finished,Away,321,404
453,2026-04-10,Finished,Home,550,538
454,2026-12-12,Scheduled,,534,112
455,2026-08-24,Scheduled,,44,252
456,2026-11-26,Scheduled,,41,572
457,2026-08-24,Scheduled,,51,195
458,2026-08-31,Scheduled,,312,293
459,2026-01-28,Finished,Draw,302,56
460,2026-01-24,Finished,Home,463,93
461,2026-08-28,Scheduled,,600,560
462,2026-09-08,Scheduled,,332,462
463,2026-08-05,Scheduled,,207,466
464,2026-11-11,Scheduled,,168,127
465,2026-11-12,Scheduled,,461,372
466,2026-01-30,Finished,Draw,394,524
467,2026-06-27,Scheduled,,564,390
468,2026-01-29,Finished,Home,344,580
469,2026-01-16,Finished,Draw,149,184
470,2026-03-08,Finished,Draw,316,317
471,2026-02-04,Finished,Home,186,121
472,2026-12-19,Scheduled,,260,13
473,2026-03-28,Finished,Draw,511,557
474,2026-09-13,Scheduled,,244,223
475,2026-10-15,Scheduled,,465,420
476,2026-02-14,Finished,Away,7,251
477,2026-06-21,Scheduled,,571,213
478,2026-12-19,Scheduled,,57,358
479,2026-02-17,Finished,Draw,34,592
480,2026-06-29,Scheduled,,90,51
481,2026-04-08,Finished,Away,166,292
482,2026-09-08,Scheduled,,587,576
483,2026-01-21,Finished,Draw,593,369
484,2026-04-24,Finished,Home,331,378
485,2026-09-12,Scheduled,,438,564
486,2026-02-14,Finished,Draw,138,125
487,2026-11-09,Scheduled,,540,424
488,2026-11-17,Scheduled,,215,60
489,2026-11-07,Scheduled,,542,90
490,2026-02-19,Finished,Draw,295,438
491,2026-08-01,Cancelled,,539,589
492,2026-11-17,Scheduled,,133,577
493,2026-03-29,Finished,Home,510,505
494,2026-05-21,Scheduled,,298,199
495,2026-02-05,Finished,Away,477,121
496,2026-08-12,Scheduled,,425,424
497,2026-07-05,Scheduled,,574,218
498,2026-02-18,Finished,Draw,289,261
499,2026-05-16,Scheduled,,519,564
500,2026-11-16,Scheduled,,117,342
501,2026-02-03,Finished,Draw,583,30
502,2026-04-22,Finished,Home,347,491
503,2026-09-09,Scheduled,,140,494
504,2026-12-09,Scheduled,,550,344
505,2026-02-17,Finished,Away,424,58
506,2026-07-07,Scheduled,,324,569
507,2026-04-21,Finished,Draw,592,340
508,2026-05-22,Scheduled,,68,153
509,2026-01-31,Finished,Away,348,385
510,2026-12-22,Scheduled,,399,192
511,2026-02-13,Finished,Draw,316,323
512,2026-02-26,Finished,Draw,89,509
513,2026-06-28,Scheduled,,310,222
514,2026-04-19,Finished,Home,115,384
515,2026-12-05,Scheduled,,95,455
516,2026-08-10,Scheduled,,495,513
517,2026-08-06,Scheduled,,496,537
518,2026-03-17,Finished,Away,147,101
519,2026-03-09,Finished,Draw,136,211
520,2026-05-26,Scheduled,,535,119
521,2026-05-26,Scheduled,,90,342
522,2026-04-15,Finished,Draw,106,534
523,2026-04-01,Finished,Home,24,592
524,2026-07-24,Scheduled,,329,206
525,2026-04-05,Finished,Home,546,327
526,2026-06-13,Scheduled,,280,153
527,2026-07-06,Scheduled,,16,574
528,2026-07-23,Scheduled,,556,359
529,2026-06-27,Scheduled,,145,291
530,2026-02-22,Finished,Away,73,319
531,2026-09-12,Scheduled,,455,52
532,2026-06-06,Scheduled,,52,109
533,2026-10-14,Scheduled,,437,402
534,2026-12-10,Scheduled,,457,365
535,2026-11-24,Scheduled,,203,547
536,2026-12-09,Scheduled,,477,582
537,2026-11-06,Scheduled,,480,100
538,2026-07-11,Scheduled,,477,482
539,2026-03-01,Finished,Home,148,265
540,2026-05-22,Scheduled,,339,333
541,2026-09-14,Scheduled,,67,487
542,2026-08-12,Scheduled,,473,175
543,2026-08-26,Scheduled,,589,131
544,2026-06-02,Scheduled,,110,334
545,2026-10-13,Scheduled,,310,546
546,2026-03-21,Finished,Home,424,245
547,2026-07-07,Scheduled,,494,394
548,2026-08-10,Scheduled,,442,446
549,2026-11-02,Scheduled,,558,242
550,2026-01-24,Finished,Away,80,588
551,2026-12-11,Scheduled,,475,334
552,2026-08-26,Scheduled,,456,181
553,2026-03-27,Finished,Draw,72,112
554,2026-01-17,Finished,Home,336,507
555,2026-04-16,Finished,Away,223,143
556,2026-03-08,Finished,Away,1,151
557,2026-03-08,Finished,Home,299,400
558,2026-12-04,Scheduled,,211,325
559,2026-02-23,Finished,Home,312,446
560,2026-03-16,Finished,Draw,597,9
561,2026-12-31,Scheduled,,131,302
562,2026-10-05,Scheduled,,563,55
563,2026-01-13,Finished,Home,368,113
564,2026-04-11,Finished,Draw,443,404
565,2026-07-08,Scheduled,,416,391
566,2026-10-04,Scheduled,,178,487
567,2026-01-29,Finished,Draw,394,369
568,2026-10-27,Scheduled,,129,138
569,2026-03-13,Finished,Away,17,148
570,2026-10-26,Scheduled,,448,140
571,2026-04-09,Finished,Away,426,467
572,2026-08-31,Scheduled,,436,185
573,2026-07-11,Scheduled,,566,461
574,2026-03-24,Finished,Draw,191,435
575,2026-10-01,Scheduled,,243,514
576,2026-05-24,Scheduled,,591,376
577,2026-01-24,Finished,Away,582,495
578,2026-11-18,Scheduled,,494,82
579,2026-06-04,Scheduled,,540,287
580,2026-10-23,Scheduled,,536,91
581,2026-02-18,Finished,Away,80,553
582,2026-05-17,Scheduled,,55,352
583,2026-09-12,Scheduled,,481,465
584,2026-12-05,Scheduled,,588,340
585,2026-11-08,Scheduled,,302,297
586,2026-10-23,Scheduled,,312,578
587,2026-05-28,Scheduled,,485,593
588,2026-06-05,Scheduled,,299,28
589,2026-12-01,Scheduled,,130,518
590,2026-07-25,Scheduled,,285,259
591,2026-06-12,Scheduled,,282,264
592,2026-02-26,Finished,Home,179,155
593,2026-12-05,Scheduled,,268,242
594,2026-06-05,Scheduled,,541,34
595,2026-04-16,Finished,Draw,149,158
596,2026-04-12,Finished,Away,393,244
597,2026-12-16,Scheduled,,172,216
598,2026-04-16,Finished,Home,354,56
599,2026-09-13,Scheduled,,54,172
600,2026-04-16,Finished,Away,309,488
601,2026-02-28,Finished,Draw,240,389
602,2026-09-03,Scheduled,,269,149
603,2026-03-08,Finished,Draw,13,296
604,2026-01-15,Finished,Home,324,543
605,2026-09-10,Cancelled,,545,363
606,2026-12-06,Scheduled,,280,344
607,2026-03-01,Finished,Draw,101,262
608,2026-11-04,Scheduled,,248,200
609,2026-11-03,Scheduled,,185,321
610,2026-06-09,Scheduled,,9,70
611,2026-02-23,Finished,Home,538,107
612,2026-05-21,Scheduled,,291,258
613,2026-04-04,Finished,Home,95,59
614,2026-10-16,Scheduled,,125,123
615,2026-04-02,Finished,Away,134,385
616,2026-02-11,Finished,Draw,190,114
617,2026-02-14,Finished,Draw,479,78
618,2026-06-02,Scheduled,,332,264
619,2026-08-08,Scheduled,,284,64
620,2026-06-16,Cancelled,,62,265
621,2026-07-05,Scheduled,,183,452
622,2026-01-23,Finished,Home,403,183
623,2026-10-26,Scheduled,,554,442
624,2026-01-23,Finished,Home,109,453
625,2026-07-18,Scheduled,,75,73
626,2026-01-29,Finished,Away,457,20
627,2026-02-13,Finished,Home,1,39
628,2026-09-23,Scheduled,,338,401
629,2026-12-17,Scheduled,,503,490
630,2026-08-21,Scheduled,,72,554
631,2026-08-14,Scheduled,,494,125
632,2026-10-23,Scheduled,,342,311
633,2026-08-10,Scheduled,,93,375
634,2026-02-16,Finished,Away,83,471
635,2026-08-21,Scheduled,,208,181
636,2026-01-23,Finished,Away,196,307
637,2026-10-23,Scheduled,,368,499
638,2026-07-03,Scheduled,,449,195
639,2026-05-31,Scheduled,,26,245
640,2026-12-14,Scheduled,,554,316
641,2026-05-29,Scheduled,,461,17
642,2026-07-08,Scheduled,,346,44
643,2026-03-19,Finished,Home,536,470
644,2026-01-14,Finished,Away,594,239
645,2026-03-11,Finished,Away,145,501
646,2026-01-26,Finished,Home,47,249
647,2026-04-25,Finished,Home,177,52
648,2026-01-18,Finished,Home,468,175
649,2026-10-19,Scheduled,,117,510
650,2026-03-05,Finished,Draw,226,65
651,2026-11-06,Scheduled,,412,333
652,2026-12-15,Scheduled,,590,559
653,2026-08-08,Scheduled,,219,47
654,2026-11-24,Scheduled,,65,124
655,2026-03-21,Finished,Home,426,173
656,2026-01-15,Finished,Home,450,250
657,2026-01-12,Finished,Draw,103,386
658,2026-06-06,Scheduled,,83,7
659,2026-04-21,Finished,Draw,291,427
660,2026-07-23,Scheduled,,130,212
661,2026-06-28,Scheduled,,536,462
662,2026-03-29,Finished,Home,39,185
663,2026-10-04,Scheduled,,309,357
664,2026-09-27,Scheduled,,242,197
665,2026-03-20,Finished,Away,98,371
666,2026-04-04,Finished,Home,225,476
667,2026-12-04,Scheduled,,284,55
668,2026-06-24,Scheduled,,153,486
669,2026-02-15,Finished,Home,45,56
670,2026-12-07,Scheduled,,446,258
671,2026-05-28,Scheduled,,465,45
672,2026-05-22,Scheduled,,551,181
673,2026-12-30,Scheduled,,497,528
674,2026-08-06,Scheduled,,241,456
675,2026-02-20,Finished,Home,430,204
676,2026-07-14,Scheduled,,113,334
677,2026-07-10,Scheduled,,423,205
678,2026-05-28,Scheduled,,76,483
679,2026-10-18,Scheduled,,447,149
680,2026-06-18,Scheduled,,466,183
681,2026-02-13,Finished,Home,469,199
682,2026-10-07,Scheduled,,344,131
683,2026-12-19,Scheduled,,62,288
684,2026-11-25,Scheduled,,477,470
685,2026-03-28,Finished,Home,352,226
686,2026-05-29,Cancelled,,175,592
687,2026-03-13,Finished,Home,89,422
688,2026-11-17,Scheduled,,485,474
689,2026-09-03,Scheduled,,439,253
690,2026-03-26,Finished,Home,594,228
691,2026-05-26,Scheduled,,588,6
692,2026-03-15,Finished,Home,42,482
693,2026-12-08,Scheduled,,436,544
694,2026-06-05,Scheduled,,101,464
695,2026-03-03,Finished,Home,572,13
696,2026-10-27,Scheduled,,136,368
697,2026-08-01,Scheduled,,93,17
698,2026-04-15,Finished,Away,166,471
699,2026-06-19,Scheduled,,25,466
700,2026-02-26,Finished,Away,416,190
701,2026-01-19,Finished,Draw,476,2
702,2026-09-01,Scheduled,,341,544
703,2026-07-07,Scheduled,,277,556
704,2026-01-17,Finished,Away,83,344
705,2026-08-16,Scheduled,,373,53
706,2026-06-28,Scheduled,,477,42
707,2026-11-29,Scheduled,,573,69
708,2026-06-03,Cancelled,,210,142
709,2026-04-14,Finished,Away,553,117
710,2026-12-30,Scheduled,,215,231
711,2026-02-14,Finished,Home,274,516
712,2026-09-16,Scheduled,,65,382
713,2026-03-11,Finished,Away,514,540
714,2026-03-08,Finished,Away,545,546
715,2026-12-27,Scheduled,,377,68
716,2026-12-30,Scheduled,,469,90
717,2026-03-12,Cancelled,,184,296
718,2026-11-09,Scheduled,,112,169
719,2026-07-06,Scheduled,,152,509
720,2026-11-05,Scheduled,,534,24
721,2026-08-30,Scheduled,,555,136
722,2026-05-31,Scheduled,,455,22
723,2026-03-17,Finished,Away,23,238
724,2026-10-29,Scheduled,,344,422
725,2026-11-09,Scheduled,,335,498
726,2026-07-31,Scheduled,,543,562
727,2026-02-18,Finished,Home,581,136
728,2026-07-27,Scheduled,,267,233
729,2026-09-08,Scheduled,,49,152
730,2026-02-15,Finished,Home,171,165
731,2026-06-13,Scheduled,,180,158
732,2026-09-04,Scheduled,,43,325
733,2026-10-05,Scheduled,,267,379
734,2026-04-17,Cancelled,,36,325
735,2026-06-25,Scheduled,,382,460
736,2026-05-21,Scheduled,,547,309
737,2026-03-09,Finished,Draw,415,512
738,2026-11-07,Cancelled,,160,5
739,2026-02-16,Finished,Draw,520,340
740,2026-04-22,Finished,Away,297,588
741,2026-04-13,Finished,Draw,453,347
742,2026-01-24,Finished,Draw,42,143
743,2026-02-07,Finished,Draw,26,412
744,2026-10-17,Scheduled,,366,95
745,2026-12-01,Scheduled,,200,598
746,2026-09-29,Scheduled,,285,201
747,2026-08-21,Cancelled,,457,90
748,2026-10-16,Scheduled,,200,503
749,2026-02-25,Finished,Draw,524,58
750,2026-08-18,Scheduled,,152,438
751,2026-08-01,Scheduled,,13,292
752,2026-11-17,Scheduled,,457,575
753,2026-02-15,Finished,Home,455,426
754,2026-10-12,Scheduled,,435,425
755,2026-09-13,Scheduled,,89,148
756,2026-10-13,Scheduled,,538,344
757,2026-10-25,Scheduled,,385,91
758,2026-09-10,Scheduled,,280,425
759,2026-12-14,Scheduled,,582,141
760,2026-05-25,Scheduled,,391,297
761,2026-10-05,Scheduled,,310,600
762,2026-05-15,Scheduled,,475,230
763,2026-10-25,Scheduled,,158,269
764,2026-02-15,Finished,Draw,484,128
765,2026-04-02,Finished,Home,184,504
766,2026-03-14,Finished,Home,30,123
767,2026-09-03,Scheduled,,371,596
768,2026-04-03,Cancelled,,265,488
769,2026-01-12,Finished,Draw,383,525
770,2026-08-04,Scheduled,,167,596
771,2026-05-28,Scheduled,,473,139
772,2026-08-14,Scheduled,,280,370
773,2026-10-25,Scheduled,,50,297
774,2026-10-22,Scheduled,,79,527
775,2026-06-26,Scheduled,,188,97
776,2026-04-25,Finished,Away,557,331
777,2026-04-08,Finished,Draw,309,278
778,2026-12-11,Scheduled,,99,548
779,2026-07-26,Scheduled,,148,14
780,2026-06-25,Scheduled,,382,497
781,2026-07-10,Scheduled,,105,224
782,2026-03-18,Finished,Away,193,573
783,2026-06-03,Scheduled,,565,117
784,2026-03-12,Finished,Draw,120,135
785,2026-09-05,Scheduled,,320,372
786,2026-07-31,Scheduled,,536,351
787,2026-12-20,Scheduled,,30,122
788,2026-07-07,Scheduled,,146,233
789,2026-11-26,Scheduled,,134,81
790,2026-09-15,Scheduled,,115,80
791,2026-05-23,Scheduled,,442,44
792,2026-07-18,Scheduled,,526,61
793,2026-05-17,Scheduled,,45,68
794,2026-02-05,Finished,Away,99,127
795,2026-01-13,Finished,Home,205,190
796,2026-02-23,Finished,Draw,150,285
797,2026-03-29,Finished,Home,165,513
798,2026-12-10,Scheduled,,518,584
799,2026-11-14,Scheduled,,593,15
800,2026-11-24,Scheduled,,197,289
801,2026-03-23,Cancelled,,551,5
802,2026-03-11,Finished,Draw,220,517
803,2026-01-23,Finished,Home,190,451
804,2026-09-23,Scheduled,,364,389
805,2026-08-03,Scheduled,,234,418
806,2026-06-18,Scheduled,,127,478
807,2026-03-22,Finished,Away,508,370
808,2026-06-13,Scheduled,,42,85
809,2026-11-19,Scheduled,,395,291
810,2026-08-27,Scheduled,,320,455
811,2026-06-01,Scheduled,,298,439
812,2026-11-03,Scheduled,,488,377
813,2026-09-25,Scheduled,,504,108
814,2026-08-25,Scheduled,,88,123
815,2026-07-04,Scheduled,,105,173
816,2026-08-26,Scheduled,,347,206
817,2026-04-12,Finished,Draw,126,239
818,2026-11-24,Scheduled,,286,596
819,2026-10-16,Scheduled,,410,365
820,2026-06-21,Scheduled,,415,497
821,2026-09-17,Scheduled,,466,111
822,2026-01-27,Finished,Home,510,237
823,2026-03-14,Finished,Away,102,55
824,2026-11-04,Scheduled,,28,184
825,2026-10-21,Scheduled,,335,157
826,2026-03-17,Finished,Draw,99,79
827,2026-09-19,Scheduled,,478,207
828,2026-08-10,Scheduled,,503,517
829,2026-11-26,Scheduled,,554,560
830,2026-01-25,Finished,Draw,33,441
831,2026-03-07,Finished,Draw,461,323
832,2026-10-30,Scheduled,,37,34
833,2026-06-18,Scheduled,,311,169
834,2026-06-12,Scheduled,,320,399
835,2026-04-07,Finished,Away,583,503
836,2026-12-19,Scheduled,,586,482
837,2026-07-21,Scheduled,,161,519
838,2026-02-24,Finished,Draw,507,387
839,2026-05-26,Scheduled,,329,63
840,2026-11-20,Scheduled,,132,376
841,2026-03-31,Finished,Draw,598,28
842,2026-08-14,Scheduled,,390,100
843,2026-07-16,Scheduled,,422,360
844,2026-03-26,Finished,Home,254,241
845,2026-06-27,Scheduled,,68,313
846,2026-09-09,Scheduled,,21,552
847,2026-08-30,Scheduled,,433,582
848,2026-03-26,Finished,Home,274,21
849,2026-08-05,Scheduled,,325,387
850,2026-01-22,Finished,Away,587,101
851,2026-12-08,Scheduled,,211,345
852,2026-02-25,Finished,Draw,348,171
853,2026-04-20,Finished,Home,207,509
854,2026-05-27,Scheduled,,549,220
855,2026-07-11,Scheduled,,305,588
856,2026-08-09,Scheduled,,95,593
857,2026-09-27,Scheduled,,280,69
858,2026-12-04,Scheduled,,487,438
859,2026-07-30,Scheduled,,79,310
860,2026-08-29,Scheduled,,444,553
861,2026-03-09,Finished,Away,412,258
862,2026-03-31,Finished,Away,561,185
863,2026-07-08,Scheduled,,529,192
864,2026-03-19,Finished,Away,479,275
865,2026-01-17,Finished,Away,445,580
866,2026-07-15,Scheduled,,206,374
867,2026-03-03,Finished,Draw,155,308
868,2026-02-13,Finished,Draw,66,209
869,2026-02-09,Finished,Draw,165,263
870,2026-05-22,Scheduled,,245,117
871,2026-10-05,Scheduled,,252,318
872,2026-01-14,Finished,Home,447,433
873,2026-07-20,Scheduled,,164,280
874,2026-12-19,Scheduled,,285,564
875,2026-01-17,Finished,Home,44,498
876,2026-03-03,Finished,Draw,322,306
877,2026-04-12,Finished,Home,93,407
878,2026-09-20,Scheduled,,242,115
879,2026-03-25,Finished,Away,124,535
880,2026-02-09,Finished,Away,258,509
881,2026-10-11,Scheduled,,126,321
882,2026-02-06,Finished,Home,400,242
883,2026-07-24,Scheduled,,110,180
884,2026-10-12,Scheduled,,451,419
885,2026-11-10,Scheduled,,58,503
886,2026-09-13,Scheduled,,116,325
887,2026-01-28,Finished,Draw,253,285
888,2026-01-12,Finished,Away,487,377
889,2026-04-20,Finished,Away,36,56
890,2026-08-02,Scheduled,,246,260
891,2026-07-14,Scheduled,,372,125
892,2026-08-23,Scheduled,,454,398
893,2026-12-11,Scheduled,,262,309
894,2026-12-28,Scheduled,,242,305
895,2026-04-23,Finished,Away,165,450
896,2026-06-04,Scheduled,,417,35
897,2026-02-21,Finished,Away,504,483
898,2026-04-09,Finished,Draw,433,103
899,2026-10-16,Scheduled,,519,68
900,2026-05-22,Scheduled,,561,335
901,2026-04-21,Finished,Away,54,189
902,2026-10-22,Scheduled,,140,4
903,2026-06-12,Scheduled,,313,322
904,2026-11-27,Scheduled,,162,256
905,2026-02-19,Finished,Draw,134,421
906,2026-11-06,Scheduled,,490,137
907,2026-08-29,Scheduled,,336,289
908,2026-08-19,Scheduled,,377,187
909,2026-05-20,Scheduled,,585,230
910,2026-03-10,Finished,Home,572,235
911,2026-10-20,Scheduled,,269,173
912,2026-08-17,Scheduled,,440,267
913,2026-11-14,Scheduled,,175,581
914,2026-03-09,Finished,Away,539,446
915,2026-07-06,Scheduled,,507,122
916,2026-09-18,Scheduled,,196,273
917,2026-07-06,Scheduled,,392,134
918,2026-02-03,Finished,Draw,221,290
919,2026-01-13,Finished,Draw,185,419
920,2026-02-10,Finished,Draw,269,242
921,2026-09-12,Scheduled,,597,470
922,2026-08-23,Cancelled,,137,332
923,2026-04-14,Finished,Away,218,393
924,2026-05-30,Scheduled,,263,75
925,2026-03-11,Finished,Draw,54,341
926,2026-10-20,Scheduled,,47,6
927,2026-08-09,Cancelled,,391,310
928,2026-06-29,Scheduled,,136,573
929,2026-08-09,Scheduled,,267,174
930,2026-11-12,Scheduled,,480,136
931,2026-06-13,Scheduled,,544,444
932,2026-10-14,Cancelled,,321,46
933,2026-02-15,Finished,Draw,288,370
934,2026-12-29,Scheduled,,271,530
935,2026-03-13,Finished,Home,169,324
936,2026-06-22,Scheduled,,570,451
937,2026-09-12,Scheduled,,56,236
938,2026-03-06,Finished,Home,267,168
939,2026-11-12,Scheduled,,507,42
940,2026-06-12,Scheduled,,575,497
941,2026-07-06,Scheduled,,152,127
942,2026-04-15,Finished,Away,291,185
943,2026-03-25,Finished,Home,280,577
944,2026-10-08,Scheduled,,598,5
945,2026-02-10,Finished,Draw,185,427
946,2026-11-05,Scheduled,,97,337
947,2026-06-11,Scheduled,,125,404
948,2026-09-09,Scheduled,,332,158
949,2026-02-13,Finished,Away,492,465
950,2026-12-16,Cancelled,,6,338
951,2026-04-13,Finished,Away,464,333
952,2026-04-22,Finished,Away,133,217
953,2026-04-15,Finished,Home,290,331
954,2026-07-19,Scheduled,,561,391
955,2026-08-24,Cancelled,,183,246
956,2026-01-30,Finished,Draw,92,22
957,2026-04-03,Finished,Home,413,292
958,2026-09-02,Scheduled,,124,306
959,2026-06-08,Scheduled,,318,135
960,2026-09-06,Scheduled,,377,525
961,2026-10-15,Scheduled,,398,488
962,2026-04-23,Finished,Draw,434,93
963,2026-01-21,Finished,Home,191,445
964,2026-05-26,Cancelled,,526,350
965,2026-10-27,Scheduled,,159,508
966,2026-09-03,Scheduled,,538,86
967,2026-06-16,Scheduled,,82,490
968,2026-07-29,Scheduled,,308,255
969,2026-05-26,Scheduled,,583,49
970,2026-08-28,Scheduled,,526,111
971,2026-03-23,Finished,Draw,97,476
972,2026-11-27,Scheduled,,364,261
973,2026-10-31,Scheduled,,516,17
974,2026-03-01,Finished,Home,474,184
975,2026-02-17,Finished,Draw,86,427
976,2026-02-12,Finished,Draw,466,461
977,2026-11-22,Scheduled,,192,217
978,2026-05-19,Scheduled,,266,109
979,2026-06-27,Scheduled,,6,405
980,2026-04-04,Finished,Away,489,472
981,2026-03-29,Finished,Draw,499,311
982,2026-06-18,Scheduled,,405,310
983,2026-05-19,Scheduled,,15,196
984,2026-10-28,Scheduled,,193,28
985,2026-10-22,Scheduled,,149,248
986,2026-11-28,Scheduled,,552,196
987,2026-05-20,Scheduled,,475,152
988,2026-04-14,Finished,Away,120,171
989,2026-12-21,Scheduled,,456,497
990,2026-07-29,Scheduled,,461,600
991,2026-05-17,Scheduled,,584,402
992,2026-10-12,Cancelled,,106,443
993,2026-02-19,Cancelled,,593,568
994,2026-10-13,Scheduled,,500,410
995,2026-03-18,Finished,Home,500,238
996,2026-05-31,Scheduled,,433,591
997,2026-01-24,Finished,Draw,275,428
998,2026-01-12,Finished,Home,356,460
999,2026-09-04,Scheduled,,295,197
1000,2026-11-06,Scheduled,,238,520
1001,2026-07-29,Scheduled,,348,480
1002,2026-04-06,Finished,Away,400,427
1003,2026-01-30,Finished,Away,369,484
1004,2026-01-21,Finished,Away,213,290
1005,2026-06-24,Scheduled,,495,133
1006,2026-03-14,Finished,Draw,504,104
1007,2026-05-19,Scheduled,,241,215
1008,2026-06-24,Scheduled,,368,268
1009,2026-05-31,Scheduled,,179,516
1010,2026-07-12,Scheduled,,346,441
1011,2026-07-20,Scheduled,,124,576
1012,2026-04-18,Finished,Away,349,364
1013,2026-03-16,Finished,Away,274,155
1014,2026-03-07,Finished,Draw,107,52
1015,2026-03-29,Finished,Home,114,109
1016,2026-06-26,Scheduled,,576,43
1017,2026-01-30,Finished,Away,121,211
1018,2026-03-14,Finished,Away,300,453
1019,2026-02-21,Finished,Home,102,158
1020,2026-08-29,Scheduled,,126,207
1021,2026-03-11,Finished,Draw,7,252
1022,2026-07-22,Scheduled,,294,518
1023,2026-11-01,Scheduled,,382,425
1024,2026-03-18,Finished,Draw,252,156
1025,2026-03-03,Finished,Draw,234,142
1026,2026-02-25,Finished,Home,470,529
1027,2026-04-11,Finished,Away,454,150
1028,2026-08-25,Scheduled,,72,87
1029,2026-11-25,Scheduled,,169,445
1030,2026-01-17,Finished,Away,38,155
1031,2026-12-27,Scheduled,,533,303
1032,2026-02-19,Finished,Draw,567,312
1033,2026-03-29,Finished,Home,9,287
1034,2026-03-20,Finished,Away,414,457
1035,2026-04-20,Finished,Away,453,354
1036,2026-01-20,Finished,Home,415,203
1037,2026-11-15,Scheduled,,551,343
1038,2026-06-26,Cancelled,,130,533
1039,2026-08-02,Scheduled,,219,96
1040,2026-01-30,Finished,Home,534,349
1041,2026-07-15,Scheduled,,29,553
1042,2026-03-29,Cancelled,,312,433
1043,2026-09-21,Scheduled,,62,382
1044,2026-10-28,Scheduled,,363,127
1045,2026-11-19,Scheduled,,128,460
1046,2026-07-14,Scheduled,,6,465
1047,2026-03-31,Finished,Away,596,580
1048,2026-07-26,Scheduled,,547,240
1049,2026-03-17,Finished,Away,587,144
1050,2026-10-11,Scheduled,,254,108
1051,2026-06-21,Scheduled,,198,370
1052,2026-05-30,Scheduled,,436,422
1053,2026-09-06,Scheduled,,436,134
1054,2026-03-02,Finished,Away,80,379
1055,2026-02-12,Finished,Away,573,532
1056,2026-10-09,Cancelled,,511,434
1057,2026-06-16,Scheduled,,427,167
1058,2026-11-11,Scheduled,,497,469
1059,2026-07-08,Scheduled,,526,542
1060,2026-06-24,Scheduled,,467,485
1061,2026-01-25,Finished,Away,573,379
1062,2026-10-08,Scheduled,,419,113
1063,2026-06-14,Scheduled,,297,42
1064,2026-07-06,Cancelled,,381,313
1065,2026-06-20,Scheduled,,302,498
1066,2026-12-29,Scheduled,,146,432
1067,2026-12-10,Scheduled,,313,291
1068,2026-08-12,Scheduled,,501,3
1069,2026-10-08,Scheduled,,70,46
1070,2026-08-09,Scheduled,,318,580
1071,2026-03-28,Finished,Home,387,487
1072,2026-04-17,Finished,Draw,142,517
1073,2026-02-20,Finished,Home,460,153
1074,2026-08-24,Scheduled,,420,397
1075,2026-11-02,Scheduled,,348,554
1076,2026-01-31,Finished,Away,454,285
1077,2026-04-18,Finished,Away,26,586
1078,2026-04-02,Finished,Away,317,575
1079,2026-11-05,Cancelled,,88,198
1080,2026-10-26,Cancelled,,591,55
1081,2026-05-19,Scheduled,,194,488
1082,2026-05-19,Scheduled,,124,545
1083,2026-11-11,Scheduled,,282,211
1084,2026-09-28,Scheduled,,594,455
1085,2026-09-17,Scheduled,,329,412
1086,2026-08-29,Scheduled,,24,349
1087,2026-07-19,Scheduled,,25,541
1088,2026-11-05,Cancelled,,94,118
1089,2026-07-19,Scheduled,,173,293
1090,2026-08-27,Scheduled,,92,158
1091,2026-02-20,Finished,Home,174,61
1092,2026-06-09,Scheduled,,28,60
1093,2026-08-05,Scheduled,,328,146
1094,2026-01-25,Finished,Home,265,385
1095,2026-03-26,Finished,Home,208,246
1096,2026-02-28,Finished,Home,505,521
1097,2026-10-03,Scheduled,,276,63
1098,2026-08-27,Scheduled,,417,68
1099,2026-10-12,Scheduled,,240,20
1100,2026-04-03,Finished,Home,104,253
1101,2026-06-05,Scheduled,,312,582
1102,2026-01-28,Finished,Draw,513,209
1103,2026-03-19,Finished,Draw,554,173
1104,2026-12-09,Scheduled,,569,463
1105,2026-01-31,Finished,Home,476,297
1106,2026-07-18,Scheduled,,62,494
1107,2026-02-06,Finished,Away,390,360
1108,2026-11-20,Scheduled,,523,289
1109,2026-06-06,Scheduled,,547,577
1110,2026-04-12,Finished,Away,405,126
1111,2026-09-21,Scheduled,,287,443
1112,2026-04-16,Finished,Away,326,351
1113,2026-08-05,Scheduled,,464,280
1114,2026-10-15,Scheduled,,350,216
1115,2026-01-27,Finished,Away,337,17
1116,2026-05-17,Scheduled,,3,488
1117,2026-11-09,Scheduled,,178,424
1118,2026-12-02,Scheduled,,501,403
1119,2026-12-14,Scheduled,,80,552
1120,2026-12-09,Scheduled,,456,127
1121,2026-12-15,Scheduled,,386,367
1122,2026-07-03,Scheduled,,9,128
1123,2026-05-20,Scheduled,,456,10
1124,2026-12-09,Scheduled,,288,367
1125,2026-09-18,Scheduled,,311,227
1126,2026-11-11,Scheduled,,372,38
1127,2026-12-11,Scheduled,,215,8
1128,2026-03-23,Finished,Away,406,114
1129,2026-10-30,Scheduled,,506,175
1130,2026-10-12,Scheduled,,580,579
1131,2026-10-07,Scheduled,,132,67
1132,2026-02-14,Finished,Home,234,536
1133,2026-04-07,Finished,Away,24,546
1134,2026-04-02,Finished,Away,465,3
1135,2026-08-27,Scheduled,,54,331
1136,2026-03-10,Finished,Draw,281,125
1137,2026-04-12,Finished,Home,371,530
1138,2026-03-19,Finished,Draw,49,285
1139,2026-08-08,Scheduled,,324,6
1140,2026-04-14,Finished,Home,84,586
1141,2026-02-04,Finished,Home,434,77
1142,2026-10-22,Scheduled,,338,319
1143,2026-12-07,Scheduled,,100,29
1144,2026-02-10,Finished,Home,25,343
1145,2026-02-28,Cancelled,,485,245
1146,2026-01-19,Finished,Away,342,533
1147,2026-03-25,Finished,Home,450,98
1148,2026-02-27,Finished,Draw,88,63
1149,2026-12-06,Scheduled,,67,131
1150,2026-10-22,Scheduled,,453,57
1151,2026-05-29,Scheduled,,443,68
1152,2026-08-20,Scheduled,,573,54
1153,2026-03-03,Finished,Home,412,99
1154,2026-12-04,Scheduled,,11,465
1155,2026-11-03,Scheduled,,439,104
1156,2026-10-12,Scheduled,,27,465
1157,2026-10-14,Scheduled,,198,111
1158,2026-01-26,Finished,Away,70,199
1159,2026-09-15,Scheduled,,522,263
1160,2026-12-05,Scheduled,,456,191
1161,2026-10-11,Scheduled,,46,62
1162,2026-08-03,Cancelled,,447,526
1163,2026-04-19,Finished,Home,319,598
1164,2026-08-10,Scheduled,,151,481
1165,2026-10-24,Cancelled,,299,378
1166,2026-12-10,Scheduled,,149,59
1167,2026-07-04,Scheduled,,573,56
1168,2026-02-22,Finished,Home,206,207
1169,2026-08-07,Scheduled,,488,479
1170,2026-12-13,Cancelled,,593,580
1171,2026-06-10,Scheduled,,307,429
1172,2026-05-15,Scheduled,,466,44
1173,2026-07-08,Scheduled,,229,236
1174,2026-04-24,Finished,Draw,245,493
1175,2026-12-12,Scheduled,,385,211
1176,2026-08-14,Scheduled,,7,372
1177,2026-07-28,Scheduled,,31,569
1178,2026-04-17,Finished,Draw,451,200
1179,2026-07-26,Scheduled,,45,31
1180,2026-04-12,Finished,Home,179,225
1181,2026-07-04,Scheduled,,348,568
1182,2026-01-22,Finished,Home,23,181
1183,2026-01-24,Finished,Draw,141,389
1184,2026-08-17,Scheduled,,216,313
1185,2026-04-22,Finished,Away,382,176
1186,2026-12-26,Scheduled,,445,67
1187,2026-08-19,Scheduled,,134,195
1188,2026-10-24,Scheduled,,384,326
1189,2026-03-26,Finished,Home,251,48
1190,2026-02-20,Finished,Home,549,302
1191,2026-03-16,Finished,Away,55,287
1192,2026-04-20,Finished,Draw,501,215
1193,2026-11-23,Scheduled,,67,172
1194,2026-09-10,Scheduled,,522,384
1195,2026-03-18,Finished,Away,184,330
1196,2026-10-10,Scheduled,,495,507
1197,2026-02-05,Finished,Home,411,598
1198,2026-03-01,Finished,Home,208,463
1199,2026-03-24,Finished,Home,314,436
1200,2026-06-18,Scheduled,,384,261
