odd_id,home_win_odd,draw_odd,away_win_odd,update_date,match_id
1,1.5,3.64,2.43,2026-09-06,1
2,1.37,3.83,2.38,2026-03-10,2
3,2.65,3.55,3.87,2026-06-25,3
4,2.07,2.47,2.71,2026-02-01,4
5,3.19,3.41,1.56,2026-11-26,5
6,2.76,3.93,1.55,2026-10-20,6
7,4.03,2.68,1.53,2025-12-28,7
8,2.89,3.33,3.46,2026-10-07,8
9,2.16,4.68,3.49,2026-05-06,9
10,1.82,4.09,1.74,2026-07-04,10
11,3.51,4.47,4.22,2026-03-06,11
12,3.56,3.19,2.41,2026-02-11,12
13,4.09,4.7,3.72,2025-12-23,13
14,2.67,3.84,3.74,2026-01-01,14
15,3.85,3.04,3.61,2026-03-24,15
16,2.67,3.84,3.82,2026-02-06,16
17,2.66,4.68,2.39,2026-09-22,17
18,2.19,2.93,3.76,2026-06-17,18
19,2.5,3.63,4.03,2026-05-08,19
20,2.37,4.02,1.71,2026-01-24,20
21,1.28,4.67,3.97,2026-10-05,21
22,1.93,3.59,3.71,2026-05-06,22
23,3.59,3.91,2.34,2026-09-19,23
24,2.95,2.49,1.75,2026-10-07,24
25,2.95,4.64,4.22,2026-09-19,25
26,3.85,5.14,1.95,2026-11-26,26
27,1.44,3.48,2.82,2026-10-30,27
28,2.96,3.66,4.16,2026-03-06,28
29,1.76,4.29,1.87,2026-09-30,29
30,3.32,3.77,1.9,2026-02-07,30
31,3.98,3.48,1.96,2025-12-15,31
32,3.23,2.6,1.48,2026-05-25,32
33,1.28,3.31,4.21,2026-06-09,33
34,1.72,2.71,3.02,2026-10-13,34
35,3.48,3.49,4.19,2026-10-02,35
36,1.64,2.98,2.68,2025-12-30,36
37,3.24,2.84,3.14,2026-06-03,37
38,3.01,3.81,3.49,2026-03-29,38
39,1.86,5.18,2.73,2026-08-05,39
40,2.45,4.66,2.98,2026-09-15,40
41,2.96,3.77,2.78,2026-05-14,41
42,3.46,3.21,4.12,2026-02-23,42
43,2.29,4.76,3.84,2026-04-03,43
44,3.09,4.67,1.86,2026-03-15,44
45,1.79,4.13,2.68,2026-05-04,45
46,3.98,2.91,3.12,2026-01-29,46
47,3.35,2.52,4.13,2026-01-04,47
48,2.07,4.16,2.23,2026-01-06,48
49,1.45,4.43,4.19,2026-06-17,49
50,2.73,5.18,3.07,2026-02-01,50
51,1.48,2.69,3.75,2026-06-01,51
52,2.48,2.86,1.96,2026-03-14,52
53,2.64,2.6,3.52,2025-12-19,53
54,2.64,3.36,2.58,2026-03-05,54
55,2.44,2.43,1.67,2026-03-26,55
56,1.66,4.28,2.79,2026-09-15,56
57,1.45,3.94,2.08,2026-05-15,57
58,1.67,4.7,3.99,2026-12-07,58
59,3.77,4.1,1.87,2026-01-13,59
60,2.85,3.49,1.55,2026-10-14,60
61,1.28,3.17,2.71,2026-02-04,61
62,1.9,2.5,3.46,2026-11-17,62
63,2.58,2.53,3.33,2026-05-31,63
64,3.17,4.41,4.17,2026-01-17,64
65,3.32,3.64,3.21,2026-07-07,65
66,3.57,4.55,4.27,2026-09-27,66
67,3.98,2.96,1.35,2026-01-01,67
68,4.22,3.34,1.91,2026-11-20,68
69,1.44,5.08,1.61,2026-09-10,69
70,3.74,2.87,1.83,2026-05-20,70
71,2.79,4.68,2.33,2026-05-21,71
72,1.82,2.98,3.03,2026-10-19,72
73,1.61,3.0,2.44,2026-05-11,73
74,1.29,4.23,1.34,2026-11-02,74
75,2.63,2.58,3.91,2025-12-31,75
76,3.12,2.52,4.13,2026-12-03,76
77,2.15,4.08,4.45,2026-10-24,77
78,3.39,4.62,4.25,2026-02-15,78
79,1.76,5.09,3.22,2026-06-22,79
80,3.34,4.3,4.41,2026-02-19,80
81,1.65,2.89,3.74,2026-01-15,81
82,2.2,4.78,2.84,2026-02-28,82
83,1.3,4.95,2.74,2026-01-14,83
84,3.17,3.05,3.18,2026-08-19,84
85,1.95,4.13,4.17,2026-03-20,85
86,1.96,3.6,2.08,2026-01-05,86
87,1.43,3.45,2.25,2026-07-24,87
88,2.38,4.2,2.06,2026-07-15,88
89,3.04,5.05,3.67,2026-01-20,89
90,1.65,3.29,3.82,2026-03-01,90
91,2.81,5.14,3.37,2026-09-22,91
92,3.5,3.04,3.65,2026-01-05,92
93,1.98,3.91,4.2,2026-10-05,93
94,4.22,4.64,3.53,2026-03-13,94
95,3.07,3.47,2.33,2026-03-18,95
96,3.14,2.58,2.87,2026-02-17,96
97,1.41,5.18,4.3,2026-05-28,97
98,1.53,4.06,3.96,2026-10-28,98
99,1.86,3.82,2.66,2026-01-27,99
100,2.18,4.42,2.08,2025-12-29,100
101,3.07,3.25,3.14,2026-03-12,101
102,1.85,4.81,2.84,2026-03-12,102
103,2.44,2.87,2.71,2026-04-03,103
104,3.08,3.61,1.8,2026-02-14,104
105,2.7,4.53,2.67,2026-11-16,105
106,3.53,4.98,3.2,2026-03-22,106
107,2.91,2.89,2.52,2026-02-22,107
108,2.61,3.45,3.24,2026-06-08,108
109,2.25,4.4,1.93,2026-09-24,109
110,1.82,2.44,2.9,2026-07-24,110
111,2.37,3.53,2.63,2026-10-04,111
112,4.16,3.44,2.87,2026-10-25,112
113,4.21,2.6,4.13,2026-07-26,113
114,1.62,5.01,1.82,2026-10-07,114
115,2.56,3.11,4.22,2026-11-06,115
116,2.3,4.39,3.33,2026-06-24,116
117,3.34,4.22,4.26,2026-01-11,117
118,1.99,3.74,4.25,2026-08-05,118
119,3.14,4.29,3.53,2026-02-02,119
120,1.69,4.1,4.32,2026-12-04,120
121,2.01,4.09,4.35,2026-12-04,121
122,1.73,2.73,1.6,2026-03-04,122
123,4.0,3.51,3.18,2026-02-12,123
124,1.49,4.95,4.1,2026-11-14,124
125,3.74,3.11,2.27,2026-03-31,125
126,3.23,3.47,2.29,2026-05-13,126
127,3.51,4.99,4.08,2026-05-19,127
128,3.16,4.57,2.4,2026-10-07,128
129,2.06,2.99,3.69,2026-01-10,129
130,2.17,5.16,3.91,2026-01-28,130
131,1.54,4.57,2.64,2025-12-30,131
132,3.21,4.45,1.85,2026-05-16,132
133,1.81,2.78,2.86,2026-03-03,133
134,4.1,3.66,3.91,2026-02-17,134
135,1.85,4.5,3.89,2026-04-24,135
136,2.03,4.93,2.61,2026-10-02,136
137,3.99,2.71,3.34,2026-12-08,137
138,2.13,3.46,2.19,2025-12-26,138
139,1.34,3.06,2.85,2026-08-15,139
140,1.55,2.57,3.71,2026-01-07,140
141,3.25,4.61,1.43,2026-10-23,141
142,2.82,2.42,3.23,2026-09-30,142
143,2.05,3.76,3.72,2026-04-15,143
144,2.54,3.44,4.15,2026-09-23,144
145,3.7,5.03,3.43,2026-09-18,145
146,3.08,5.13,4.09,2026-05-18,146
147,1.55,3.68,3.53,2026-04-07,147
148,3.76,4.99,1.38,2026-03-09,148
149,3.86,3.18,3.54,2026-11-17,149
150,2.0,3.67,3.5,2026-10-29,150
151,2.68,3.56,1.9,2026-03-18,151
152,4.12,4.68,1.35,2026-05-22,152
153,3.87,5.11,3.65,2026-09-21,153
154,2.58,4.1,2.58,2026-10-24,154
155,3.63,3.38,4.31,2026-05-21,155
156,2.68,4.24,3.54,2026-08-06,156
157,3.45,3.22,1.92,2026-09-10,157
158,3.86,4.85,3.81,2026-04-02,158
159,2.76,2.76,3.85,2026-07-02,159
160,3.75,5.19,4.46,2026-01-06,160
161,1.75,3.65,1.67,2026-07-29,161
162,2.87,3.08,1.85,2026-06-19,162
163,3.35,2.7,4.48,2026-01-18,163
164,1.73,5.0,4.19,2026-03-01,164
165,2.09,4.41,3.43,2026-03-25,165
166,3.26,4.26,4.25,2026-10-11,166
167,3.43,2.65,3.51,2026-09-21,167
168,1.92,4.01,4.26,2026-01-26,168
169,3.18,3.46,3.6,2026-02-26,169
170,3.43,4.23,3.81,2026-09-15,170
171,2.56,3.05,2.13,2026-05-14,171
172,1.51,2.65,3.67,2026-01-06,172
173,1.81,5.04,3.13,2026-10-05,173
174,3.81,5.07,3.15,2025-12-20,174
175,2.18,4.05,1.91,2026-07-18,175
176,4.19,3.3,2.47,2026-02-27,176
177,4.05,2.75,3.42,2026-01-06,177
178,1.92,3.51,3.02,2026-03-05,178
179,2.2,4.69,2.25,2026-09-21,179
180,2.75,3.68,3.22,2026-02-02,180
181,3.49,4.78,3.95,2026-06-15,181
182,3.05,3.26,4.47,2026-11-24,182
183,2.07,4.77,3.14,2026-03-01,183
184,3.74,3.79,3.55,2026-07-02,184
185,1.43,4.67,1.79,2026-01-19,185
186,1.88,4.45,3.89,2026-11-06,186
187,3.46,4.98,3.78,2026-07-30,187
188,2.71,3.5,4.45,2026-03-09,188
189,3.99,2.85,1.37,2026-05-17,189
190,2.26,4.3,4.47,2026-05-31,190
191,2.42,2.6,3.63,2026-01-22,191
192,3.34,2.95,4.04,2026-02-24,192
193,1.54,3.31,3.83,2026-03-26,193
194,3.67,4.78,3.57,2026-10-14,194
195,3.21,4.02,2.71,2026-11-27,195
196,2.12,2.81,2.0,2026-04-10,196
197,1.84,4.22,2.46,2026-10-30,197
198,2.98,4.3,4.46,2026-05-29,198
199,2.38,5.15,3.47,2026-05-16,199
200,4.03,2.67,4.42,2026-08-27,200
201,4.09,2.73,2.95,2026-01-07,201
202,3.03,5.12,3.31,2026-05-25,202
203,1.99,2.73,2.57,2026-03-10,203
204,3.31,5.07,3.39,2026-07-27,204
205,3.58,5.18,3.45,2026-11-18,205
206,3.58,4.82,3.38,2026-11-08,206
207,3.15,3.65,1.34,2026-06-27,207
208,1.5,3.77,3.44,2025-12-24,208
209,1.92,4.04,4.46,2026-05-02,209
210,2.07,4.49,3.84,2026-09-10,210
211,2.4,5.2,3.55,2026-03-14,211
212,2.96,2.68,1.5,2026-08-11,212
213,3.84,3.91,2.6,2026-09-28,213
214,1.31,3.96,3.02,2026-07-16,214
215,2.84,2.58,3.98,2026-11-26,215
216,3.39,4.61,1.7,2026-09-22,216
217,1.87,4.24,1.68,2026-07-26,217
218,3.05,2.9,3.08,2026-02-26,218
219,2.19,2.51,3.14,2026-03-03,219
220,1.73,3.97,4.02,2026-08-15,220
221,1.5,2.75,2.26,2026-03-09,221
222,1.76,5.14,3.41,2026-10-11,222
223,2.15,5.05,2.96,2026-02-16,223
224,2.13,3.9,1.75,2026-07-05,224
225,3.34,3.86,4.46,2026-03-28,225
226,3.07,3.83,3.5,2026-09-25,226
227,3.71,3.06,1.9,2026-02-26,227
228,3.82,3.0,1.73,2026-05-02,228
229,1.9,3.41,1.71,2026-03-16,229
230,2.52,3.94,2.13,2026-05-04,230
231,3.96,3.52,1.57,2026-08-14,231
232,3.28,5.03,1.76,2026-06-13,232
233,1.46,4.45,4.49,2025-12-25,233
234,3.19,4.4,3.1,2026-03-14,234
235,3.71,4.09,2.64,2026-06-12,235
236,2.2,4.61,2.51,2026-07-31,236
237,1.99,3.16,3.0,2026-08-16,237
238,2.9,2.58,3.35,2026-09-11,238
239,3.98,4.58,1.77,2026-04-03,239
240,1.93,2.43,2.51,2026-03-19,240
241,2.39,2.69,4.26,2026-11-05,241
242,2.83,4.85,3.18,2026-08-29,242
243,2.72,3.88,3.54,2026-07-15,243
244,2.1,3.16,1.62,2026-02-04,244
245,1.76,5.05,2.55,2026-07-15,245
246,3.67,4.3,3.82,2026-11-25,246
247,3.03,4.78,2.83,2026-08-12,247
248,2.03,4.32,3.58,2026-06-03,248
249,1.63,3.46,3.65,2026-12-20,249
250,4.01,4.19,2.48,2026-10-24,250
251,2.0,4.1,3.56,2026-02-03,251
252,2.57,3.39,2.8,2026-06-10,252
253,2.08,3.6,4.31,2026-05-21,253
254,4.02,3.04,3.33,2026-04-02,254
255,4.09,3.54,2.3,2026-09-07,255
256,3.15,2.61,2.07,2026-11-28,256
257,1.75,2.56,3.68,2026-10-29,257
258,4.04,4.66,1.33,2026-11-10,258
259,3.28,5.01,1.74,2026-11-18,259
260,2.8,5.19,4.14,2025-12-30,260
261,1.62,2.44,1.91,2026-04-11,261
262,3.49,4.4,3.55,2026-03-05,262
263,2.29,5.18,3.42,2026-02-20,263
264,3.72,4.86,2.99,2026-12-20,264
265,1.38,3.66,1.84,2026-07-03,265
266,3.9,3.87,2.02,2026-07-25,266
267,2.35,2.77,2.43,2026-06-09,267
268,2.52,3.46,2.49,2026-07-27,268
269,2.26,4.3,3.96,2026-05-21,269
270,3.55,2.73,2.26,2026-04-09,270
271,2.04,2.41,3.32,2026-07-30,271
272,1.9,3.25,4.29,2026-03-27,272
273,2.8,4.9,4.29,2026-09-09,273
274,3.1,3.77,2.44,2026-08-01,274
275,2.63,3.24,1.64,2026-12-09,275
276,3.92,2.92,2.43,2026-10-19,276
277,2.54,2.95,2.99,2026-06-22,277
278,1.71,2.75,2.86,2026-08-06,278
279,3.56,3.1,2.81,2026-09-08,279
280,2.15,3.6,1.88,2026-05-27,280
281,2.06,5.17,3.4,2026-10-23,281
282,1.74,3.39,2.69,2026-06-10,282
283,3.9,4.39,1.65,2026-02-22,283
284,1.37,3.5,3.68,2026-07-06,284
285,1.34,4.27,4.33,2026-03-30,285
286,4.2,2.73,2.87,2026-05-24,286
287,3.65,4.4,2.34,2026-07-19,287
288,3.59,3.52,3.62,2026-03-22,288
289,3.78,3.49,1.65,2026-04-12,289
290,3.63,2.75,2.4,2026-06-04,290
291,3.55,3.06,3.47,2026-03-05,291
292,2.54,4.07,1.33,2026-05-21,292
293,2.12,3.76,3.73,2026-02-24,293
294,3.1,4.44,1.9,2026-02-23,294
295,3.55,4.82,4.48,2025-12-29,295
296,3.25,3.6,2.82,2026-10-27,296
297,3.68,4.36,2.91,2026-01-21,297
298,1.82,4.79,3.31,2026-07-20,298
299,1.94,2.77,1.42,2026-11-27,299
300,4.04,3.59,3.27,2026-05-25,300
301,3.84,3.46,2.98,2026-08-11,301
302,3.15,3.05,2.38,2026-10-17,302
303,1.43,3.6,1.47,2026-02-25,303
304,2.06,3.19,2.42,2026-07-20,304
305,1.99,4.91,1.88,2026-04-30,305
306,1.41,4.49,1.98,2025-12-28,306
307,2.09,4.1,2.68,2026-10-23,307
308,4.09,3.42,2.27,2026-11-05,308
309,3.26,4.31,3.77,2026-11-07,309
310,2.24,4.48,2.46,2026-08-02,310
311,3.02,4.09,2.06,2026-06-19,311
312,1.88,3.48,4.14,2026-05-13,312
313,3.14,4.09,1.43,2026-11-09,313
314,3.9,4.69,1.92,2026-03-18,314
315,4.03,2.61,3.05,2026-01-17,315
316,2.15,3.73,3.74,2026-03-10,316
317,3.41,2.52,1.91,2026-05-06,317
318,3.38,4.9,3.73,2026-01-30,318
319,3.97,5.13,4.16,2026-06-13,319
320,3.14,2.73,2.7,2026-06-06,320
321,2.51,5.01,2.91,2026-08-15,321
322,1.75,3.17,4.4,2026-08-27,322
323,1.39,3.99,3.84,2026-11-02,323
324,1.82,4.68,2.88,2026-08-15,324
325,3.86,5.12,1.83,2026-06-20,325
326,2.78,3.97,2.55,2026-01-19,326
327,2.06,2.92,1.81,2026-02-24,327
328,3.03,2.42,4.27,2026-11-04,328
329,2.62,4.38,2.98,2026-01-22,329
330,3.81,3.23,2.16,2026-01-09,330
331,1.76,2.53,2.06,2026-06-21,331
332,3.17,5.04,2.19,2026-11-29,332
333,2.06,4.61,3.36,2026-05-06,333
334,4.22,2.99,1.67,2026-11-11,334
335,2.29,4.09,2.48,2026-11-23,335
336,4.09,4.88,2.14,2026-10-28,336
337,2.48,4.11,2.34,2026-05-11,337
338,3.13,2.43,2.44,2026-10-08,338
339,4.15,2.89,4.41,2026-10-20,339
340,3.22,4.83,4.3,2026-01-13,340
341,1.57,4.49,2.52,2026-12-16,341
342,2.02,4.15,3.23,2026-01-02,342
343,3.7,3.02,2.16,2026-01-18,343
344,3.14,4.8,2.57,2026-09-18,344
345,1.95,4.43,2.48,2026-09-15,345
346,2.69,3.79,2.77,2026-02-12,346
347,3.84,2.93,2.87,2026-06-19,347
348,1.79,3.19,2.29,2026-03-13,348
349,1.78,3.5,3.25,2026-03-13,349
350,1.68,3.59,2.76,2026-01-28,350
351,4.16,2.68,2.99,2026-03-25,351
352,3.5,2.43,1.62,2026-09-12,352
353,1.31,4.71,3.74,2026-02-02,353
354,4.05,2.77,3.76,2026-10-20,354
355,1.68,4.16,1.34,2026-01-04,355
356,4.12,2.7,3.66,2026-06-03,356
357,3.81,2.64,1.75,2026-11-25,357
358,2.94,3.64,1.82,2026-11-04,358
359,2.69,3.08,3.04,2026-09-27,359
360,3.13,2.74,3.94,2026-01-14,360
361,2.88,2.69,4.14,2026-09-28,361
362,1.68,4.95,1.38,2026-12-11,362
363,2.41,3.39,2.22,2025-12-31,363
364,3.89,3.48,4.13,2026-06-01,364
365,3.95,3.78,4.47,2026-03-13,365
366,1.56,5.08,2.44,2026-06-09,366
367,2.25,3.41,4.26,2026-03-12,367
368,3.94,4.09,1.87,2026-02-04,368
369,2.25,2.91,2.66,2026-08-26,369
370,3.25,3.24,3.92,2026-06-28,370
371,3.88,3.16,2.9,2026-10-11,371
372,4.05,4.67,3.58,2026-08-27,372
373,3.62,4.81,4.43,2026-07-09,373
374,3.22,3.3,2.55,2026-02-28,374
375,3.64,5.13,3.91,2026-07-01,375
376,2.98,5.09,2.19,2026-01-15,376
377,2.22,2.76,3.76,2026-01-04,377
378,2.21,3.59,3.52,2026-09-05,378
379,3.06,4.18,1.74,2026-06-23,379
380,4.01,3.47,3.06,2026-12-01,380
381,2.85,3.89,3.93,2026-09-25,381
382,1.5,4.4,2.99,2026-08-22,382
383,3.33,4.5,3.55,2026-08-10,383
384,2.34,2.97,4.02,2026-11-15,384
385,2.93,5.08,4.25,2026-09-18,385
386,3.98,3.41,4.02,2026-03-23,386
387,3.71,3.23,1.76,2026-04-02,387
388,2.9,5.01,2.65,2026-07-27,388
389,3.73,2.56,1.74,2026-11-06,389
390,3.36,3.46,1.38,2026-12-02,390
391,2.37,4.36,3.42,2026-01-08,391
392,2.68,4.06,1.81,2026-08-29,392
393,2.35,2.62,1.55,2026-05-27,393
394,3.74,3.57,3.75,2026-01-17,394
395,3.48,4.49,3.54,2026-03-09,395
396,2.66,4.42,2.72,2026-11-11,396
397,3.34,3.2,1.8,2026-05-26,397
398,3.18,4.09,1.86,2026-03-19,398
399,1.28,4.73,3.48,2026-08-09,399
400,2.61,4.39,2.13,2026-07-02,400
401,2.76,4.39,2.66,2026-01-23,401
402,2.07,2.66,2.51,2026-06-27,402
403,3.48,3.52,1.48,2026-02-26,403
404,1.8,4.49,3.09,2026-07-25,404
405,1.48,4.34,2.83,2026-10-25,405
406,3.18,4.72,1.83,2026-08-02,406
407,2.36,3.59,2.16,2026-12-05,407
408,1.48,4.09,4.01,2026-01-02,408
409,1.97,2.86,1.64,2026-01-11,409
410,3.04,4.52,2.29,2026-10-15,410
411,1.86,5.0,2.07,2026-05-07,411
412,4.18,3.98,3.1,2026-01-09,412
413,2.7,2.53,1.6,2026-03-16,413
414,1.28,3.4,2.2,2026-10-10,414
415,2.75,3.28,2.55,2026-05-12,415
416,4.17,4.37,1.61,2026-03-11,416
417,3.94,3.81,2.91,2025-12-25,417
418,1.7,4.04,2.52,2026-03-29,418
419,3.86,2.5,1.82,2026-12-15,419
420,2.64,4.88,1.6,2026-10-10,420
421,1.94,3.0,3.48,2026-10-06,421
422,3.56,2.85,4.38,2026-08-25,422
423,4.23,4.1,2.97,2025-12-29,423
424,2.27,4.6,2.38,2026-09-11,424
425,3.12,5.03,1.43,2026-10-18,425
426,3.57,3.49,1.97,2026-02-01,426
427,3.07,5.08,3.11,2026-02-17,427
428,1.54,2.44,3.75,2026-07-26,428
429,2.89,5.11,3.8,2026-07-30,429
430,2.75,3.67,1.84,2026-09-10,430
431,1.73,3.18,2.46,2026-11-16,431
432,1.46,4.39,2.77,2026-06-08,432
433,4.19,4.54,2.71,2026-11-20,433
434,1.67,2.75,3.12,2026-11-10,434
435,2.34,3.2,2.61,2026-10-30,435
436,4.0,2.76,2.47,2026-02-08,436
437,3.12,3.28,1.57,2026-01-22,437
438,2.77,3.14,4.1,2026-03-31,438
439,1.38,5.14,1.48,2026-11-12,439
440,1.98,4.7,1.33,2026-01-18,440
441,1.57,3.45,3.12,2026-03-26,441
442,1.47,3.49,2.78,2026-03-24,442
443,2.3,3.71,3.01,2026-10-10,443
444,2.64,2.64,3.64,2026-10-12,444
445,4.13,3.51,2.69,2026-08-21,445
446,2.24,3.29,4.49,2026-06-15,446
447,1.89,4.48,1.67,2026-05-03,447
448,1.36,2.84,2.8,2026-10-17,448
449,1.89,3.99,4.46,2026-08-25,449
450,2.39,5.02,2.46,2026-02-04,450
451,4.19,3.0,1.98,2026-04-08,451
452,4.11,4.31,2.16,2026-03-16,452
453,1.78,2.8,2.18,2026-03-31,453
454,2.15,4.39,4.09,2026-11-14,454
455,1.89,4.9,1.89,2026-08-10,455
456,1.53,4.92,2.39,2026-10-28,456
457,2.14,2.96,4.31,2026-08-18,457
458,2.68,4.33,1.81,2026-08-16,458
459,2.56,4.96,3.13,2026-01-20,459
460,1.28,4.59,3.21,2026-01-20,460
461,3.42,4.02,1.76,2026-07-31,461
462,4.21,5.03,3.68,2026-08-30,462
463,3.45,2.44,4.17,2026-07-29,463
464,1.69,4.82,1.66,2026-11-10,464
465,2.47,3.86,1.31,2026-11-03,465
466,4.08,4.8,3.33,2026-01-14,466
467,4.16,2.67,2.0,2026-06-17,467
468,2.51,3.93,1.83,2026-01-05,468
469,1.9,2.99,1.91,2025-12-29,469
470,2.98,2.44,3.9,2026-02-27,470
471,2.16,3.26,3.92,2026-01-05,471
472,3.35,4.22,2.76,2026-11-22,472
473,2.31,4.72,2.66,2026-03-11,473
474,2.26,4.99,2.77,2026-09-07,474
475,1.78,4.07,3.04,2026-09-26,475
476,2.11,4.25,3.48,2026-01-27,476
477,2.1,4.14,4.26,2026-06-11,477
478,1.55,2.65,3.98,2026-12-16,478
479,3.2,4.13,2.62,2026-01-20,479
480,3.5,4.15,3.04,2026-06-14,480
481,2.58,4.03,1.4,2026-03-29,481
482,3.81,2.99,3.79,2026-08-18,482
483,2.39,2.95,2.8,2026-01-08,483
484,2.3,4.62,2.78,2026-03-28,484
485,3.71,4.37,3.67,2026-09-11,485
486,4.07,4.59,2.92,2026-01-15,486
487,3.89,3.14,3.98,2026-10-18,487
488,3.98,4.29,1.31,2026-11-12,488
489,2.49,2.44,1.79,2026-11-06,489
490,3.77,3.85,3.67,2026-01-31,490
491,2.26,5.09,4.48,2026-07-12,491
492,2.92,3.5,3.27,2026-10-25,492
493,3.74,4.64,3.15,2026-03-11,493
494,4.07,3.49,3.63,2026-04-25,494
495,3.96,3.85,2.7,2026-01-18,495
496,3.38,2.75,1.68,2026-07-16,496
497,3.6,4.76,3.31,2026-06-23,497
498,3.76,2.85,2.33,2026-01-27,498
499,1.53,3.62,3.31,2026-04-18,499
500,1.71,4.13,3.04,2026-11-04,500
501,2.97,2.47,3.65,2026-01-06,501
502,3.15,4.58,1.9,2026-04-06,502
503,3.94,3.23,3.01,2026-08-30,503
504,3.43,4.66,2.51,2026-11-16,504
505,3.23,3.17,4.29,2026-01-26,505
506,1.32,5.16,4.07,2026-06-27,506
507,2.63,4.07,1.64,2026-03-25,507
508,2.04,2.91,1.55,2026-05-01,508
509,2.33,4.75,2.55,2026-01-28,509
510,3.64,3.56,2.86,2026-12-07,510
511,1.48,4.32,2.5,2026-02-03,511
512,3.15,3.66,1.82,2026-02-06,512
513,1.28,2.9,3.12,2026-06-07,513
514,3.81,2.73,2.4,2026-04-08,514
515,2.7,4.12,3.05,2026-11-16,515
516,2.82,3.11,1.69,2026-07-16,516
517,1.34,2.46,2.94,2026-07-26,517
518,1.9,3.42,4.18,2026-02-19,518
519,2.23,3.02,3.63,2026-02-07,519
520,2.05,3.75,4.35,2026-04-30,520
521,3.37,4.23,2.79,2026-05-07,521
522,2.74,3.84,2.58,2026-04-10,522
523,2.0,2.95,4.01,2026-03-08,523
524,2.09,3.5,3.17,2026-07-16,524
525,3.01,2.86,1.96,2026-03-30,525
526,2.71,4.87,2.66,2026-06-06,526
527,2.07,3.29,1.64,2026-06-29,527
528,2.54,3.99,2.5,2026-07-05,528
529,3.71,3.66,4.15,2026-06-17,529
530,2.01,3.55,3.23,2026-02-08,530
531,3.19,5.1,2.43,2026-09-10,531
532,1.59,4.67,2.67,2026-05-07,532
533,2.32,2.6,3.4,2026-09-19,533
534,1.69,3.28,1.33,2026-11-21,534
535,1.28,3.32,2.79,2026-11-16,535
536,2.21,3.05,1.51,2026-12-04,536
537,3.06,3.88,1.63,2026-10-16,537
538,3.4,5.05,3.88,2026-06-19,538
539,1.47,4.9,2.65,2026-02-20,539
540,2.56,4.68,1.93,2026-05-16,540
541,3.66,3.8,4.47,2026-08-16,541
542,1.61,3.67,3.22,2026-07-26,542
543,2.4,4.01,2.21,2026-08-14,543
544,3.6,4.01,1.31,2026-05-23,544
545,2.1,4.76,2.59,2026-09-27,545
546,2.85,3.88,2.38,2026-03-19,546
547,1.46,2.67,3.87,2026-06-07,547
548,2.15,3.29,2.41,2026-08-03,548
549,2.92,3.28,3.26,2026-10-05,549
550,2.15,5.16,2.88,2026-01-06,550
551,4.15,2.74,2.5,2026-12-01,551
552,1.56,3.03,3.94,2026-08-15,552
553,1.57,3.3,3.5,2026-03-01,553
554,1.93,2.65,3.62,2025-12-31,554
555,2.36,4.93,4.47,2026-04-11,555
556,3.31,2.55,4.13,2026-03-07,556
557,1.58,5.05,1.54,2026-02-07,557
558,3.31,4.62,2.51,2026-11-14,558
559,1.76,2.79,2.77,2026-02-15,559
560,2.21,2.81,3.17,2026-02-18,560
561,4.15,3.56,2.73,2026-12-28,561
562,2.82,3.07,2.83,2026-09-08,562
563,4.18,3.3,3.64,2025-12-29,563
564,1.53,4.55,3.58,2026-03-19,564
565,2.93,4.84,3.41,2026-06-19,565
566,3.82,4.35,1.54,2026-09-27,566
567,1.43,2.44,1.99,2026-01-14,567
568,2.41,3.77,2.39,2026-10-23,568
569,3.02,3.88,4.05,2026-03-09,569
570,4.08,4.38,3.4,2026-10-20,570
571,2.76,4.96,2.0,2026-04-06,571
572,2.41,3.67,3.29,2026-08-12,572
573,3.59,2.93,2.19,2026-06-17,573
574,3.31,5.06,3.15,2026-02-27,574
575,1.69,4.85,3.68,2026-09-04,575
576,1.3,3.69,2.15,2026-05-01,576
577,3.24,3.67,2.15,2026-01-09,577
578,2.9,3.39,1.98,2026-11-17,578
579,2.76,3.82,1.47,2026-05-17,579
580,2.36,2.54,2.52,2026-10-01,580
581,2.52,3.22,2.59,2026-02-17,581
582,2.08,4.1,2.96,2026-05-06,582
583,3.29,4.21,4.37,2026-08-16,583
584,1.6,4.91,3.14,2026-11-12,584
585,1.45,2.68,2.02,2026-10-16,585
586,3.35,3.53,2.56,2026-10-12,586
587,3.45,4.86,2.16,2026-05-05,587
588,1.76,2.97,3.34,2026-05-12,588
589,3.04,4.45,1.6,2026-11-23,589
590,3.97,4.14,3.67,2026-07-11,590
591,3.97,3.07,2.31,2026-06-09,591
592,1.75,3.33,2.76,2026-01-29,592
593,3.25,3.6,1.37,2026-11-05,593
594,3.89,2.88,3.73,2026-05-14,594
595,3.03,5.11,3.17,2026-03-17,595
596,3.87,3.72,1.44,2026-03-28,596
597,2.95,5.17,3.97,2026-11-16,597
598,2.76,4.51,3.78,2026-04-02,598
599,2.16,4.46,2.75,2026-08-17,599
600,2.3,3.93,3.42,2026-04-09,600
601,2.34,2.44,2.43,2026-02-06,601
602,2.25,3.85,3.42,2026-08-26,602
603,3.96,4.07,1.66,2026-03-05,603
604,2.81,4.19,1.77,2026-01-06,604
605,3.82,4.25,1.75,2026-08-24,605
606,1.34,4.02,3.53,2026-11-21,606
607,2.33,4.48,1.92,2026-02-12,607
608,3.17,5.1,4.11,2026-10-17,608
609,2.88,4.95,4.46,2026-10-25,609
610,2.83,3.14,3.47,2026-06-07,610
611,2.24,4.05,4.32,2026-02-21,611
612,2.18,2.52,2.96,2026-04-29,612
613,3.75,2.74,3.85,2026-03-15,613
614,4.15,4.62,2.22,2026-10-04,614
615,2.75,4.32,2.79,2026-03-03,615
616,2.82,3.21,3.09,2026-01-16,616
617,2.16,3.21,3.86,2026-01-20,617
618,2.61,3.01,3.94,2026-05-03,618
619,1.41,3.26,2.68,2026-07-12,619
620,3.75,2.54,1.74,2026-06-07,620
621,2.1,4.81,3.43,2026-07-03,621
622,2.93,5.07,3.58,2026-01-17,622
623,4.24,2.95,3.17,2026-09-30,623
624,2.12,2.49,4.29,2025-12-26,624
625,3.69,4.18,2.65,2026-06-25,625
626,1.54,3.13,2.27,2026-01-27,626
627,1.77,3.62,4.1,2026-01-23,627
628,2.98,4.31,1.94,2026-09-18,628
629,2.5,2.96,2.28,2026-11-21,629
630,2.95,4.16,3.05,2026-07-31,630
631,3.6,4.73,1.61,2026-07-27,631
632,2.58,3.28,4.29,2026-10-09,632
633,2.32,3.39,2.79,2026-08-02,633
634,2.63,4.96,1.38,2026-01-30,634
635,2.51,4.52,3.27,2026-08-15,635
636,3.61,4.02,2.49,2026-01-02,636
637,2.88,3.98,2.24,2026-10-12,637
638,3.79,2.75,3.44,2026-06-27,638
639,3.67,4.85,2.77,2026-05-15,639
640,1.5,3.16,4.46,2026-11-15,640
641,2.25,2.67,2.23,2026-05-02,641
642,3.32,4.82,1.69,2026-06-23,642
643,3.27,4.47,1.47,2026-03-07,643
644,2.8,3.97,4.4,2025-12-21,644
645,1.92,4.29,4.03,2026-02-13,645
646,3.13,4.41,4.3,2026-01-05,646
647,2.7,4.33,1.67,2026-04-20,647
648,1.71,4.86,2.96,2025-12-19,648
649,1.86,3.73,3.96,2026-09-26,649
650,2.42,4.99,2.26,2026-02-17,650
651,4.2,4.7,3.99,2026-10-22,651
652,2.03,4.12,2.71,2026-12-02,652
653,3.1,3.61,3.34,2026-07-30,653
654,1.68,4.48,2.07,2026-10-30,654
655,3.47,3.93,2.82,2026-03-07,655
656,2.12,2.68,3.18,2025-12-25,656
657,3.25,3.5,3.53,2025-12-24,657
658,2.64,4.68,1.77,2026-05-10,658
659,2.62,3.98,1.34,2026-03-31,659
660,1.35,4.22,3.4,2026-07-02,660
661,1.38,4.94,4.38,2026-06-12,661
662,3.9,3.68,1.33,2026-03-13,662
663,2.32,4.8,2.91,2026-09-09,663
664,3.96,3.87,2.94,2026-09-08,664
665,3.22,3.39,3.6,2026-02-23,665
666,2.63,4.8,1.75,2026-03-15,666
667,3.54,3.25,2.56,2026-11-29,667
668,3.77,3.75,4.38,2026-06-23,668
669,3.23,4.01,4.27,2026-02-04,669
670,3.23,3.13,3.53,2026-12-01,670
671,4.12,3.37,3.28,2026-05-16,671
672,1.45,2.48,3.65,2026-05-04,672
673,1.54,2.7,4.29,2026-12-07,673
674,2.22,3.05,3.77,2026-07-22,674
675,3.45,3.06,4.18,2026-02-19,675
676,3.43,3.48,4.41,2026-06-19,676
677,1.44,4.11,1.67,2026-07-09,677
678,3.5,3.64,2.5,2026-05-25,678
679,3.77,4.99,2.33,2026-10-08,679
680,2.6,2.77,3.34,2026-06-10,680
681,1.85,3.11,2.7,2026-01-31,681
682,1.93,4.48,2.69,2026-09-16,682
683,3.68,2.94,3.16,2026-12-05,683
684,4.13,2.67,1.41,2026-11-15,684
685,3.93,3.41,2.61,2026-03-02,685
686,3.84,3.35,3.48,2026-05-16,686
687,3.43,3.88,1.91,2026-03-12,687
688,2.96,3.73,2.43,2026-10-24,688
689,3.95,4.79,3.87,2026-08-23,689
690,2.53,3.45,1.53,2026-03-10,690
691,1.63,3.85,1.62,2026-04-28,691
692,1.94,4.08,2.36,2026-02-28,692
693,3.71,3.21,3.95,2026-11-15,693
694,3.36,2.59,4.09,2026-05-18,694
695,1.47,4.01,4.03,2026-02-10,695
696,3.08,3.27,3.28,2026-10-26,696
697,3.34,2.71,2.81,2026-07-19,697
698,4.2,4.23,1.4,2026-04-14,698
699,2.03,3.34,3.75,2026-06-02,699
700,1.86,4.69,2.35,2026-01-31,700
701,3.24,4.86,2.05,2026-01-13,701
702,3.67,3.98,3.25,2026-08-04,702
703,3.55,2.5,4.44,2026-07-03,703
704,3.04,4.11,1.56,2025-12-31,704
705,2.69,2.76,3.61,2026-08-03,705
706,1.36,3.82,3.38,2026-06-01,706
707,2.68,4.59,4.1,2026-11-12,707
708,1.31,2.55,3.78,2026-05-11,708
709,1.84,4.1,2.51,2026-04-09,709
710,3.46,3.95,1.47,2026-12-21,710
711,2.38,2.75,3.54,2026-02-08,711
712,1.66,3.63,4.17,2026-09-03,712
713,2.35,2.94,2.7,2026-03-09,713
714,1.96,2.66,1.33,2026-02-07,714
715,3.49,4.89,3.84,2026-12-10,715
716,1.39,4.64,4.09,2026-12-18,716
717,3.69,2.61,1.71,2026-02-17,717
718,2.1,3.28,3.23,2026-10-15,718
719,1.98,3.22,3.24,2026-07-04,719
720,3.22,4.24,1.54,2026-10-21,720
721,1.87,4.37,3.9,2026-08-17,721
722,4.0,3.02,3.58,2026-05-29,722
723,3.59,3.22,3.39,2026-02-26,723
724,3.93,3.29,3.03,2026-10-15,724
725,1.41,4.92,3.56,2026-10-13,725
726,2.71,2.62,4.22,2026-07-20,726
727,4.18,3.05,3.67,2026-02-14,727
728,1.62,4.43,3.82,2026-07-03,728
729,4.18,4.36,3.38,2026-08-10,729
730,4.11,2.46,3.98,2026-01-30,730
731,2.08,3.48,3.95,2026-05-22,731
732,1.43,4.79,2.53,2026-08-07,732
733,3.84,3.48,1.44,2026-09-05,733
734,2.39,4.25,3.0,2026-03-24,734
735,2.17,3.92,2.41,2026-06-16,735
736,3.98,4.51,2.38,2026-04-21,736
737,3.97,4.67,3.19,2026-03-05,737
738,1.33,4.43,3.29,2026-11-01,738
739,2.53,4.44,3.65,2026-02-13,739
740,3.67,3.95,4.35,2026-03-24,740
741,3.28,4.8,4.3,2026-04-12,741
742,2.52,4.41,3.76,2026-01-08,742
743,1.74,3.47,3.69,2026-01-16,743
744,1.96,4.94,2.2,2026-10-16,744
745,4.1,2.64,2.1,2026-11-22,745
746,2.14,4.0,1.42,2026-09-16,746
747,2.34,4.25,3.8,2026-07-30,747
748,3.56,2.43,2.28,2026-10-11,748
749,2.21,3.14,1.87,2026-02-16,749
750,1.3,2.42,1.42,2026-08-02,750
751,2.69,4.76,2.0,2026-07-13,751
752,2.99,2.62,4.17,2026-10-19,752
753,2.19,2.58,1.88,2026-02-02,753
754,3.61,3.13,2.88,2026-10-06,754
755,3.14,2.81,3.28,2026-08-21,755
756,1.95,4.23,1.89,2026-09-14,756
757,3.83,4.02,1.43,2026-10-11,757
758,1.93,5.06,4.47,2026-09-02,758
759,1.3,4.77,4.02,2026-11-22,759
760,3.4,4.08,2.42,2026-05-12,760
761,2.77,2.72,1.55,2026-09-07,761
762,2.23,3.44,3.93,2026-04-21,762
763,1.46,3.59,2.21,2026-10-08,763
764,2.23,4.61,2.37,2026-01-16,764
765,3.94,3.45,4.32,2026-03-16,765
766,3.12,2.85,1.44,2026-02-21,766
767,1.7,4.06,1.64,2026-09-02,767
768,3.67,3.83,3.8,2026-03-10,768
769,3.6,4.4,4.31,2025-12-29,769
770,3.74,2.49,3.62,2026-07-17,770
771,3.54,4.22,4.36,2026-05-10,771
772,4.23,3.98,4.49,2026-08-13,772
773,2.89,3.57,3.65,2026-10-15,773
774,3.89,4.63,3.24,2026-10-19,774
775,2.82,3.63,2.16,2026-06-17,775
776,2.98,4.95,2.35,2026-04-21,776
777,3.55,3.41,2.76,2026-04-03,777
778,4.17,4.34,2.72,2026-12-04,778
779,2.48,2.62,3.09,2026-07-24,779
780,3.99,4.23,3.24,2026-05-28,780
781,3.61,3.04,3.95,2026-06-24,781
782,4.03,3.09,4.21,2026-02-20,782
783,3.0,2.79,2.13,2026-05-25,783
784,2.27,2.73,2.61,2026-02-19,784
785,4.2,4.01,3.32,2026-08-22,785
786,1.84,2.9,2.75,2026-07-25,786
787,1.61,3.14,3.07,2026-11-25,787
788,2.66,2.68,4.08,2026-07-06,788
789,2.54,4.33,4.47,2026-11-22,789
790,2.79,3.88,2.54,2026-08-20,790
791,2.31,3.53,3.08,2026-05-06,791
792,2.13,3.34,3.94,2026-07-10,792
793,3.02,4.13,4.48,2026-04-27,793
794,1.47,4.98,4.34,2026-01-07,794
795,2.48,3.66,3.97,2026-01-12,795
796,3.52,4.36,3.65,2026-02-02,796
797,3.55,4.97,4.3,2026-03-22,797
798,1.71,2.42,3.2,2026-11-12,798
799,3.2,3.46,2.7,2026-11-05,799
800,3.42,3.18,3.77,2026-11-10,800
801,2.14,3.36,3.11,2026-02-28,801
802,2.83,3.82,4.27,2026-03-09,802
803,2.22,3.29,1.87,2026-01-02,803
804,1.38,5.05,4.12,2026-08-28,804
805,1.88,3.85,3.14,2026-07-27,805
806,2.19,3.37,1.83,2026-06-07,806
807,2.07,3.63,4.13,2026-03-01,807
808,4.07,3.13,3.24,2026-05-23,808
809,4.02,4.27,1.75,2026-10-23,809
810,2.91,3.82,1.84,2026-08-03,810
811,3.96,5.09,3.03,2026-05-21,811
812,1.84,3.77,3.93,2026-10-29,812
813,1.86,5.04,3.13,2026-09-06,813
814,2.58,2.75,2.75,2026-08-18,814
815,1.58,4.38,4.0,2026-07-03,815
816,3.92,3.78,1.58,2026-08-10,816
817,4.23,4.45,1.67,2026-03-17,817
818,3.66,4.48,2.01,2026-11-05,818
819,2.23,3.82,2.18,2026-09-18,819
820,3.46,4.28,1.54,2026-06-11,820
821,2.19,4.99,2.69,2026-09-09,821
822,3.37,3.86,1.91,2026-01-26,822
823,3.23,4.86,1.41,2026-03-01,823
824,3.13,3.09,3.18,2026-10-25,824
825,4.08,4.29,2.15,2026-10-18,825
826,2.7,2.92,2.89,2026-02-19,826
827,1.85,4.85,4.34,2026-08-24,827
828,3.42,3.0,2.69,2026-08-07,828
829,2.92,2.98,1.87,2026-11-11,829
830,3.31,4.12,3.32,2026-01-08,830
831,3.16,3.76,3.4,2026-02-12,831
832,3.88,4.75,4.1,2026-10-05,832
833,2.71,4.63,2.56,2026-06-09,833
834,2.88,3.23,2.0,2026-05-24,834
835,3.94,4.54,2.64,2026-04-05,835
836,2.23,4.25,1.67,2026-12-03,836
837,4.12,4.25,2.41,2026-07-05,837
838,3.36,4.57,2.85,2026-02-06,838
839,3.84,4.08,3.5,2026-05-21,839
840,2.12,3.82,4.15,2026-10-21,840
841,2.48,3.97,2.33,2026-03-26,841
842,2.2,3.5,2.71,2026-08-05,842
843,2.03,2.55,2.85,2026-06-28,843
844,2.27,4.69,2.29,2026-03-03,844
845,1.91,4.85,3.02,2026-06-10,845
846,3.13,5.05,3.26,2026-09-03,846
847,1.64,3.91,4.34,2026-08-10,847
848,3.66,2.65,3.56,2026-02-24,848
849,2.31,4.54,1.5,2026-08-04,849
850,2.81,3.41,1.94,2025-12-24,850
851,3.76,3.51,3.6,2026-11-13,851
852,3.65,4.95,2.36,2026-02-04,852
853,2.91,3.1,1.34,2026-03-27,853
854,1.31,5.03,1.63,2026-05-24,854
855,3.62,2.52,2.21,2026-06-23,855
856,1.94,4.56,2.09,2026-07-10,856
857,3.5,4.68,2.51,2026-09-05,857
858,1.64,4.47,2.16,2026-11-16,858
859,1.48,3.81,3.55,2026-07-02,859
860,2.5,2.44,3.96,2026-08-22,860
861,4.01,2.67,3.18,2026-02-26,861
862,1.83,4.1,2.3,2026-03-13,862
863,2.53,4.48,2.27,2026-06-18,863
864,1.86,3.14,3.4,2026-03-03,864
865,2.38,3.6,2.01,2026-01-02,865
866,2.93,3.75,4.2,2026-06-28,866
867,2.77,3.47,4.48,2026-02-18,867
868,2.43,3.44,3.05,2026-02-06,868
869,2.61,4.02,1.38,2026-01-13,869
870,1.95,3.44,3.1,2026-05-16,870
871,2.18,2.8,3.32,2026-09-25,871
872,1.54,2.87,4.07,2025-12-17,872
873,3.03,2.63,2.59,2026-07-05,873
874,2.67,4.42,3.11,2026-12-15,874
875,1.43,3.78,2.62,2025-12-25,875
876,2.26,2.82,2.33,2026-02-24,876
877,3.05,4.84,2.16,2026-03-31,877
878,3.52,4.63,3.05,2026-08-27,878
879,4.13,3.06,2.78,2026-03-05,879
880,2.79,4.8,4.48,2026-01-25,880
881,4.01,3.59,1.55,2026-09-13,881
882,3.52,2.85,3.69,2026-01-11,882
883,1.84,4.84,1.66,2026-06-29,883
884,2.52,2.88,3.87,2026-10-10,884
885,1.67,4.85,2.64,2026-10-26,885
886,2.14,3.62,2.24,2026-08-14,886
887,3.89,3.16,2.33,2026-01-27,887
888,2.36,4.22,1.75,2026-01-10,888
889,3.31,4.65,4.35,2026-04-06,889
890,2.81,3.1,2.78,2026-07-14,890
891,2.24,4.49,4.49,2026-07-13,891
892,1.66,3.87,3.95,2026-08-22,892
893,2.2,2.9,2.81,2026-11-11,893
894,2.19,2.93,3.52,2026-11-28,894
895,2.63,2.67,3.3,2026-04-10,895
896,1.72,3.38,3.09,2026-05-24,896
897,2.28,2.44,1.92,2026-01-29,897
898,3.71,4.83,3.17,2026-03-19,898
899,2.35,4.55,4.29,2026-09-25,899
900,2.87,4.25,1.55,2026-05-09,900
901,1.56,3.01,1.87,2026-03-26,901
902,1.56,4.63,3.18,2026-10-10,902
903,2.4,4.01,4.03,2026-06-06,903
904,2.08,4.66,4.09,2026-11-16,904
905,3.98,2.99,1.31,2026-02-10,905
906,4.22,2.66,3.87,2026-10-14,906
907,1.68,3.73,1.3,2026-08-03,907
908,3.94,2.55,2.94,2026-07-22,908
909,2.53,3.72,2.27,2026-05-04,909
910,1.6,3.97,2.51,2026-03-04,910
911,3.37,3.39,3.98,2026-10-02,911
912,2.84,4.87,4.0,2026-07-28,912
913,4.09,4.73,3.58,2026-10-20,913
914,2.56,3.64,3.52,2026-03-05,914
915,3.31,3.96,2.69,2026-06-14,915
916,1.78,4.83,4.04,2026-08-30,916
917,3.26,4.44,1.98,2026-06-30,917
918,3.88,4.98,1.91,2026-01-21,918
919,1.79,4.49,1.33,2025-12-25,919
920,2.33,2.95,3.18,2026-01-25,920
921,1.53,3.43,2.11,2026-08-23,921
922,1.29,3.16,3.37,2026-08-22,922
923,2.69,2.52,3.53,2026-04-04,923
924,2.07,2.56,3.13,2026-05-08,924
925,3.84,5.0,4.49,2026-02-09,925
926,2.61,2.89,3.7,2026-10-10,926
927,3.5,4.66,1.42,2026-07-30,927
928,3.09,4.4,3.56,2026-05-30,928
929,3.86,2.77,2.64,2026-07-15,929
930,1.61,3.64,3.57,2026-11-09,930
931,1.54,3.92,4.45,2026-05-24,931
932,3.22,4.46,2.36,2026-09-20,932
933,3.79,3.29,3.57,2026-02-06,933
934,4.21,4.42,2.47,2026-12-27,934
935,4.07,3.53,3.98,2026-02-11,935
936,1.43,2.94,3.74,2026-06-13,936
937,3.44,2.64,2.72,2026-08-17,937
938,3.08,4.33,2.61,2026-02-12,938
939,3.49,4.75,1.31,2026-11-02,939
940,2.93,2.73,2.79,2026-05-21,940
941,3.34,3.99,2.78,2026-07-02,941
942,4.0,2.91,1.58,2026-03-19,942
943,3.02,5.1,3.75,2026-03-05,943
944,1.28,4.19,2.77,2026-10-03,944
945,3.42,3.09,3.98,2026-02-08,945
946,4.08,4.82,3.69,2026-10-26,946
947,1.65,2.55,3.56,2026-06-04,947
948,2.09,3.98,2.62,2026-08-15,948
949,1.81,4.87,1.87,2026-02-09,949
950,2.03,3.63,1.6,2026-11-25,950
951,2.99,3.38,3.35,2026-03-25,951
952,3.74,4.32,1.85,2026-04-06,952
953,3.01,2.84,3.12,2026-04-11,953
954,2.55,4.21,3.48,2026-07-11,954
955,1.87,4.36,2.91,2026-08-03,955
956,3.48,3.15,2.94,2026-01-26,956
957,2.02,3.71,1.4,2026-03-10,957
958,2.8,4.17,2.82,2026-08-06,958
959,3.01,3.44,2.51,2026-05-23,959
960,3.95,3.3,1.63,2026-08-25,960
961,3.86,2.42,2.65,2026-09-26,961
962,2.26,4.93,1.9,2026-04-03,962
963,2.17,3.71,1.9,2026-01-02,963
964,2.57,4.13,3.2,2026-04-26,964
965,2.55,3.52,3.97,2026-10-19,965
966,3.42,4.08,2.84,2026-08-12,966
967,2.15,5.12,4.11,2026-05-29,967
968,4.05,5.0,1.65,2026-07-23,968
969,3.57,5.07,2.58,2026-05-09,969
970,1.74,2.87,2.26,2026-07-29,970
971,4.15,5.04,1.94,2026-03-12,971
972,3.51,2.76,2.37,2026-11-15,972
973,4.16,3.27,3.75,2026-10-02,973
974,2.29,3.51,2.77,2026-02-24,974
975,1.69,4.87,2.26,2026-02-08,975
976,1.8,4.8,2.7,2026-01-15,976
977,1.98,4.32,4.01,2026-11-15,977
978,1.26,2.85,1.62,2026-04-30,978
979,3.31,4.36,4.22,2026-06-14,979
980,2.38,3.7,2.08,2026-03-26,980
981,1.54,2.76,3.74,2026-03-28,981
982,2.45,3.32,2.21,2026-05-23,982
983,3.44,3.59,2.56,2026-05-10,983
984,2.29,4.28,4.4,2026-09-30,984
985,1.92,4.1,3.76,2026-09-22,985
986,2.34,3.8,1.31,2026-11-09,986
987,3.51,4.96,3.37,2026-05-09,987
988,2.75,2.52,2.27,2026-03-19,988
989,2.27,4.23,2.66,2026-11-23,989
990,2.18,4.29,2.84,2026-07-08,990
991,4.13,3.58,1.82,2026-04-25,991
992,2.8,2.7,3.88,2026-10-03,992
993,3.31,2.68,4.06,2026-01-31,993
994,3.67,2.85,1.71,2026-10-08,994
995,2.4,3.67,2.86,2026-03-04,995
996,2.46,4.56,2.27,2026-05-22,996
997,3.48,2.72,3.88,2026-01-02,997
998,2.6,3.44,2.82,2026-01-11,998
999,3.78,5.12,1.66,2026-08-15,999
1000,4.19,3.89,2.53,2026-10-12,1000
1001,1.49,2.42,4.33,2026-07-20,1001
1002,3.02,2.95,3.9,2026-03-29,1002
1003,3.87,3.62,2.79,2026-01-23,1003
1004,1.61,3.77,2.47,2025-12-23,1004
1005,3.05,3.43,2.66,2026-06-22,1005
1006,2.14,4.69,3.04,2026-03-05,1006
1007,2.13,3.57,2.73,2026-04-24,1007
1008,3.16,4.07,2.44,2026-06-03,1008
1009,2.84,3.51,1.86,2026-05-02,1009
1010,1.53,4.44,3.33,2026-06-29,1010
1011,3.93,3.37,2.77,2026-07-03,1011
1012,1.98,4.71,3.97,2026-04-07,1012
1013,3.71,3.99,1.43,2026-03-09,1013
1014,2.37,2.81,4.43,2026-02-15,1014
1015,3.69,2.68,2.94,2026-03-19,1015
1016,1.49,5.0,3.7,2026-06-19,1016
1017,2.45,2.92,3.69,2026-01-13,1017
1018,3.21,4.87,3.98,2026-03-07,1018
1019,4.15,4.62,3.13,2026-02-04,1019
1020,3.1,3.91,3.84,2026-08-08,1020
1021,3.65,3.45,2.81,2026-03-03,1021
1022,4.06,3.17,3.5,2026-07-16,1022
1023,2.08,4.28,3.23,2026-10-07,1023
1024,1.79,3.2,1.32,2026-03-17,1024
1025,1.31,3.56,1.72,2026-02-07,1025
1026,2.64,4.61,3.33,2026-02-03,1026
1027,1.91,2.45,2.34,2026-03-15,1027
1028,3.08,4.44,3.25,2026-07-28,1028
1029,3.01,4.18,2.35,2026-11-09,1029
1030,2.68,3.96,2.4,2025-12-30,1030
1031,2.29,3.64,2.78,2026-12-07,1031
1032,2.75,3.89,1.84,2026-02-12,1032
1033,2.02,2.49,4.03,2026-03-11,1033
1034,3.14,3.97,2.4,2026-02-20,1034
1035,3.49,3.88,2.27,2026-03-27,1035
1036,2.2,4.29,1.39,2026-01-14,1036
1037,3.0,4.15,3.11,2026-11-04,1037
1038,4.24,2.47,4.41,2026-06-09,1038
1039,3.48,5.17,2.5,2026-07-20,1039
1040,1.65,4.1,4.02,2026-01-17,1040
1041,2.44,2.99,1.65,2026-06-18,1041
1042,1.79,2.85,3.79,2026-03-08,1042
1043,4.19,3.94,2.43,2026-09-14,1043
1044,2.5,4.08,2.32,2026-10-04,1044
1045,3.14,4.26,3.5,2026-10-31,1045
1046,3.54,3.29,3.01,2026-07-04,1046
1047,1.93,3.53,3.72,2026-03-13,1047
1048,3.73,3.66,4.26,2026-07-05,1048
1049,2.45,2.41,3.96,2026-02-20,1049
1050,2.64,2.88,4.2,2026-10-05,1050
1051,2.99,3.57,2.64,2026-06-03,1051
1052,3.16,4.13,1.74,2026-05-06,1052
1053,2.76,2.63,3.13,2026-08-26,1053
1054,4.09,3.31,2.1,2026-02-13,1054
1055,3.13,4.32,4.35,2026-01-31,1055
1056,3.48,4.87,3.39,2026-09-09,1056
1057,2.78,2.94,4.22,2026-06-03,1057
1058,2.36,4.85,1.86,2026-10-26,1058
1059,3.39,2.96,1.72,2026-07-07,1059
1060,3.93,2.98,2.78,2026-05-27,1060
1061,3.3,3.64,2.07,2026-01-02,1061
1062,4.17,3.8,1.66,2026-09-13,1062
1063,3.76,4.84,4.21,2026-06-03,1063
1064,2.64,5.09,1.32,2026-06-13,1064
1065,3.3,3.54,2.96,2026-05-22,1065
1066,3.84,2.6,2.63,2026-12-14,1066
1067,3.9,3.9,3.59,2026-11-18,1067
1068,3.19,3.9,1.38,2026-08-01,1068
1069,3.73,2.57,3.9,2026-09-23,1069
1070,3.72,4.55,2.46,2026-08-05,1070
1071,4.03,4.16,2.71,2026-03-20,1071
1072,1.62,2.81,2.14,2026-04-12,1072
1073,2.99,4.62,3.61,2026-02-16,1073
1074,2.49,3.35,4.22,2026-08-05,1074
1075,2.7,3.14,2.36,2026-10-28,1075
1076,1.47,4.92,2.87,2026-01-23,1076
1077,3.52,3.36,3.51,2026-03-26,1077
1078,3.61,4.36,3.12,2026-03-13,1078
1079,1.36,2.79,2.97,2026-10-25,1079
1080,1.91,3.44,2.46,2026-09-26,1080
1081,2.17,4.4,3.12,2026-04-28,1081
1082,2.68,3.63,2.24,2026-04-28,1082
1083,3.67,2.76,3.24,2026-11-04,1083
1084,2.4,4.18,1.39,2026-09-25,1084
1085,3.0,2.82,1.34,2026-08-24,1085
1086,3.41,4.49,4.49,2026-08-10,1086
1087,2.68,4.92,4.41,2026-07-01,1087
1088,1.72,4.79,2.31,2026-10-26,1088
1089,2.38,4.99,3.37,2026-06-30,1089
1090,2.83,2.89,4.17,2026-08-24,1090
1091,3.26,2.58,2.02,2026-01-21,1091
1092,1.92,3.18,3.79,2026-05-16,1092
1093,1.61,2.95,2.9,2026-07-31,1093
1094,3.99,4.94,3.99,2026-01-13,1094
1095,3.71,4.61,4.17,2026-03-23,1095
1096,1.86,4.26,2.58,2026-02-21,1096
1097,4.11,3.82,2.17,2026-09-06,1097
1098,3.79,3.91,1.55,2026-08-14,1098
1099,1.42,3.99,2.09,2026-10-07,1099
1100,3.64,2.91,4.3,2026-03-12,1100
1101,1.99,4.33,2.76,2026-06-02,1101
1102,4.19,3.14,2.19,2025-12-30,1102
1103,1.82,4.73,1.5,2026-03-12,1103
1104,1.65,3.25,1.96,2026-12-07,1104
1105,3.01,4.03,2.79,2026-01-08,1105
1106,3.89,2.54,3.83,2026-07-05,1106
1107,1.84,2.73,1.57,2026-01-09,1107
1108,1.55,4.05,3.21,2026-10-27,1108
1109,2.96,4.03,4.06,2026-05-16,1109
1110,3.41,3.64,3.36,2026-03-16,1110
1111,3.67,4.12,2.76,2026-09-09,1111
1112,2.01,3.54,2.17,2026-03-17,1112
1113,1.78,3.82,2.95,2026-07-26,1113
1114,2.15,4.83,2.1,2026-10-05,1114
1115,3.28,3.81,3.3,2026-01-05,1115
1116,4.18,5.05,2.86,2026-04-20,1116
1117,3.93,3.83,2.89,2026-10-20,1117
1118,1.45,3.61,2.27,2026-11-07,1118
1119,3.84,3.36,3.5,2026-12-13,1119
1120,1.8,4.58,3.74,2026-12-05,1120
1121,2.17,3.26,3.75,2026-11-21,1121
1122,1.56,3.24,3.25,2026-06-18,1122
1123,3.27,3.31,1.91,2026-05-08,1123
1124,3.61,4.79,3.25,2026-11-21,1124
1125,2.23,3.85,2.82,2026-08-24,1125
1126,3.62,4.58,2.16,2026-10-31,1126
1127,2.04,5.02,3.97,2026-12-10,1127
1128,1.68,3.33,2.43,2026-03-04,1128
1129,2.2,3.26,3.1,2026-10-23,1129
1130,2.5,4.53,2.59,2026-10-06,1130
1131,2.31,4.66,4.42,2026-09-20,1131
1132,2.07,4.69,1.95,2026-02-08,1132
1133,3.4,3.23,2.5,2026-03-29,1133
1134,2.53,3.47,3.09,2026-03-13,1134
1135,1.85,3.0,2.91,2026-08-20,1135
1136,2.07,2.61,1.81,2026-03-07,1136
1137,2.69,4.42,2.8,2026-04-05,1137
1138,3.59,3.49,4.37,2026-02-18,1138
1139,2.71,3.18,3.24,2026-07-31,1139
1140,1.43,2.56,2.4,2026-03-27,1140
1141,2.36,4.99,1.66,2026-01-22,1141
1142,3.89,2.61,4.43,2026-09-26,1142
1143,2.49,2.82,1.78,2026-11-30,1143
1144,2.97,3.97,2.7,2026-01-20,1144
1145,2.97,4.54,2.13,2026-02-08,1145
1146,3.7,4.33,1.75,2026-01-05,1146
1147,1.45,4.6,3.58,2026-03-19,1147
1148,4.12,3.41,3.77,2026-02-07,1148
1149,3.9,2.92,2.8,2026-11-29,1149
1150,2.34,2.96,4.41,2026-10-06,1150
1151,2.02,4.49,1.37,2026-05-07,1151
1152,3.18,3.6,3.88,2026-07-24,1152
1153,1.39,3.88,4.22,2026-02-26,1153
1154,2.37,3.98,4.49,2026-11-20,1154
1155,3.87,3.32,3.02,2026-10-20,1155
1156,2.97,4.18,3.65,2026-09-21,1156
1157,1.53,3.96,1.66,2026-10-02,1157
1158,3.65,4.77,1.58,2026-01-01,1158
1159,2.66,4.22,1.91,2026-09-14,1159
1160,3.55,3.61,2.19,2026-11-07,1160
1161,3.92,5.18,1.79,2026-09-25,1161
1162,1.47,4.21,2.39,2026-07-14,1162
1163,3.59,4.47,4.34,2026-04-05,1163
1164,1.31,4.01,1.32,2026-08-08,1164
1165,2.42,2.42,2.33,2026-10-20,1165
1166,2.03,3.02,3.46,2026-11-14,1166
1167,2.85,4.23,1.94,2026-06-14,1167
1168,2.97,3.39,4.12,2026-02-18,1168
1169,2.98,2.93,1.77,2026-08-04,1169
1170,1.79,2.47,3.23,2026-11-22,1170
1171,1.37,2.76,2.42,2026-06-07,1171
1172,2.23,3.28,2.04,2026-04-17,1172
1173,1.86,2.86,4.47,2026-06-14,1173
1174,4.06,3.01,2.44,2026-04-01,1174
1175,3.88,5.04,1.69,2026-11-16,1175
1176,1.33,4.83,4.03,2026-07-27,1176
1177,2.39,3.65,2.58,2026-07-04,1177
1178,3.56,4.05,1.7,2026-03-24,1178
1179,2.77,4.02,2.95,2026-07-01,1179
1180,3.52,2.74,2.87,2026-03-18,1180
1181,2.33,5.19,2.63,2026-06-23,1181
1182,4.21,4.64,2.45,2025-12-29,1182
1183,2.78,5.05,1.35,2026-01-02,1183
1184,3.66,3.52,4.04,2026-07-30,1184
1185,2.33,3.27,1.51,2026-04-03,1185
1186,3.21,3.04,3.54,2026-12-23,1186
1187,3.18,3.49,2.81,2026-08-09,1187
1188,3.44,4.91,1.45,2026-10-02,1188
1189,2.0,3.98,1.71,2026-03-23,1189
1190,1.67,3.72,1.42,2026-01-25,1190
1191,3.66,4.83,3.42,2026-03-05,1191
1192,3.1,4.71,2.64,2026-04-01,1192
1193,4.06,5.1,3.67,2026-10-29,1193
1194,3.26,3.42,4.26,2026-09-05,1194
1195,1.74,3.79,2.28,2026-03-13,1195
1196,2.37,4.76,3.29,2026-09-30,1196
1197,3.6,3.33,4.14,2026-01-06,1197
1198,3.45,2.8,2.6,2026-01-31,1198
1199,2.38,4.08,2.98,2026-03-11,1199
1200,1.55,3.38,2.01,2026-05-24,1200
